BEGIN TRANSACTION;

-- Table: src_client_snapshot
CREATE TABLE src_client_snapshot (
  cliente_id   INTEGER NOT NULL,
  nome         TEXT NOT NULL,
  cidade       TEXT,
  estado       TEXT,
  segmento     TEXT,
  updated_at   TEXT NOT NULL
);

INSERT INTO src_client_snapshot ("cliente_id","nome","cidade","estado","segmento","updated_at") VALUES (1,'Alice Nogueira','São Paulo','SP','PF','2025-06-01T09:00:00');
INSERT INTO src_client_snapshot ("cliente_id","nome","cidade","estado","segmento","updated_at") VALUES (2,'Bruno Alves','Rio de Janeiro','RJ','PF','2025-06-01T09:00:00');
INSERT INTO src_client_snapshot ("cliente_id","nome","cidade","estado","segmento","updated_at") VALUES (3,'Capital Fênix LTDA','Curitiba','PR','PJ','2025-06-01T09:00:00');
INSERT INTO src_client_snapshot ("cliente_id","nome","cidade","estado","segmento","updated_at") VALUES (4,'Delta Holdings','Belo Horizonte','MG','PJ','2025-06-01T09:00:00');
INSERT INTO src_client_snapshot ("cliente_id","nome","cidade","estado","segmento","updated_at") VALUES (3,'Capital Fênix LTDA','Curitiba','PR','PJ','2025-07-12T10:00:00');
INSERT INTO src_client_snapshot ("cliente_id","nome","cidade","estado","segmento","updated_at") VALUES (1,'Alice Nogueira','São Paulo','SP','PF','2025-06-01T09:00:00');
INSERT INTO src_client_snapshot ("cliente_id","nome","cidade","estado","segmento","updated_at") VALUES (2,'Bruno Alves','Rio de Janeiro','RJ','PF','2025-06-01T09:00:00');
INSERT INTO src_client_snapshot ("cliente_id","nome","cidade","estado","segmento","updated_at") VALUES (3,'Capital Fênix LTDA','Curitiba','PR','PJ','2025-06-01T09:00:00');
INSERT INTO src_client_snapshot ("cliente_id","nome","cidade","estado","segmento","updated_at") VALUES (4,'Delta Holdings','Belo Horizonte','MG','PJ','2025-06-01T09:00:00');
INSERT INTO src_client_snapshot ("cliente_id","nome","cidade","estado","segmento","updated_at") VALUES (3,'Capital Fênix LTDA','Curitiba','PR','PJ','2025-07-12T10:00:00');

-- Table: src_account_snapshot
CREATE TABLE src_account_snapshot (
  account_id   INTEGER NOT NULL,
  cliente_id   INTEGER NOT NULL,
  tipo         TEXT NOT NULL,
  status       TEXT NOT NULL,
  updated_at   TEXT NOT NULL
);

INSERT INTO src_account_snapshot ("account_id","cliente_id","tipo","status","updated_at") VALUES (1001,1,'CONTA_INVEST','ATIVA','2025-06-01T09:00:00');
INSERT INTO src_account_snapshot ("account_id","cliente_id","tipo","status","updated_at") VALUES (1002,2,'CONTA_INVEST','ATIVA','2025-06-01T09:00:00');
INSERT INTO src_account_snapshot ("account_id","cliente_id","tipo","status","updated_at") VALUES (1003,3,'CONTA_INVEST','ATIVA','2025-06-01T09:00:00');
INSERT INTO src_account_snapshot ("account_id","cliente_id","tipo","status","updated_at") VALUES (1004,4,'CONTA_INVEST','ATIVA','2025-06-01T09:00:00');
INSERT INTO src_account_snapshot ("account_id","cliente_id","tipo","status","updated_at") VALUES (1001,1,'CONTA_INVEST','ATIVA','2025-06-01T09:00:00');
INSERT INTO src_account_snapshot ("account_id","cliente_id","tipo","status","updated_at") VALUES (1002,2,'CONTA_INVEST','ATIVA','2025-06-01T09:00:00');
INSERT INTO src_account_snapshot ("account_id","cliente_id","tipo","status","updated_at") VALUES (1003,3,'CONTA_INVEST','ATIVA','2025-06-01T09:00:00');
INSERT INTO src_account_snapshot ("account_id","cliente_id","tipo","status","updated_at") VALUES (1004,4,'CONTA_INVEST','ATIVA','2025-06-01T09:00:00');

-- Table: src_cdb_produto
CREATE TABLE src_cdb_produto (
  produto_id     INTEGER PRIMARY KEY,
  nome           TEXT NOT NULL,
  emissor        TEXT NOT NULL,
  indexador      TEXT NOT NULL,
  percentual     REAL,
  taxa_aa        REAL,
  ipca_spread    REAL,
  prazo_dias     INTEGER NOT NULL,
  liquidez       TEXT NOT NULL,
  investimento_minimo REAL NOT NULL
);

INSERT INTO src_cdb_produto ("produto_id","nome","emissor","indexador","percentual","taxa_aa","ipca_spread","prazo_dias","liquidez","investimento_minimo") VALUES (201,'CDB 130% CDI','PagBank','CDI%',1.3,NULL,NULL,365,'VENCIMENTO',1000.0);
INSERT INTO src_cdb_produto ("produto_id","nome","emissor","indexador","percentual","taxa_aa","ipca_spread","prazo_dias","liquidez","investimento_minimo") VALUES (202,'CDB 107% CDI','PagBank','CDI%',1.07,NULL,NULL,720,'VENCIMENTO',500.0);
INSERT INTO src_cdb_produto ("produto_id","nome","emissor","indexador","percentual","taxa_aa","ipca_spread","prazo_dias","liquidez","investimento_minimo") VALUES (203,'CDB 101% CDI (Cofrinho)','PagBank','CDI%',1.01,NULL,NULL,1,'DIARIA',1.0);
INSERT INTO src_cdb_produto ("produto_id","nome","emissor","indexador","percentual","taxa_aa","ipca_spread","prazo_dias","liquidez","investimento_minimo") VALUES (206,'CDB Prefixado 12,5% a.a.','PagBank','PREFIXADO',NULL,0.125,NULL,540,'VENCIMENTO',1000.0);

-- Table: src_cdb_ordem
CREATE TABLE src_cdb_ordem (
  ordem_id      INTEGER NOT NULL,
  account_id    INTEGER NOT NULL,
  cliente_id    INTEGER NOT NULL,
  produto_id    INTEGER NOT NULL,
  tipo          TEXT NOT NULL,        -- 'COMPRA' | 'VENDA'
  quantidade    REAL NOT NULL,
  preco_unit    REAL NOT NULL,
  valor_total   REAL NOT NULL,
  status        TEXT NOT NULL,        -- 'PROCESSING' | 'EXECUTADA' | 'CANCELADA' | 'REJEITADA'
  created_at    TEXT NOT NULL,        -- ISO8601 TIMESTAMP
  updated_at    TEXT NOT NULL,        -- ISO8601 TIMESTAMP (when this status was written)
  PRIMARY KEY (ordem_id, created_at)  -- allow multiple timeline rows per order
);

INSERT INTO src_cdb_ordem ("ordem_id","account_id","cliente_id","produto_id","tipo","quantidade","preco_unit","valor_total","status","created_at","updated_at") VALUES (80001,1004,4,206,'COMPRA',4947.27,1.0,4947.27,'PROCESSING','2025-06-01T12:50:30','2025-06-01T12:51:30');
INSERT INTO src_cdb_ordem ("ordem_id","account_id","cliente_id","produto_id","tipo","quantidade","preco_unit","valor_total","status","created_at","updated_at") VALUES (80001,1004,4,206,'COMPRA',4947.27,1.0,4947.27,'CANCELADA','2025-06-01T13:08:30','2025-06-01T13:09:30');
INSERT INTO src_cdb_ordem ("ordem_id","account_id","cliente_id","produto_id","tipo","quantidade","preco_unit","valor_total","status","created_at","updated_at") VALUES (80001,1004,4,206,'COMPRA',4947.27,1.0,4947.27,'PROCESSING','2025-06-01T12:51:30','2025-06-01T12:52:30');
INSERT INTO src_cdb_ordem ("ordem_id","account_id","cliente_id","produto_id","tipo","quantidade","preco_unit","valor_total","status","created_at","updated_at") VALUES (80002,1002,2,201,'COMPRA',9347.95,1.0,9347.95,'PROCESSING','2025-06-01T15:04:09','2025-06-01T15:05:09');
INSERT INTO src_cdb_ordem ("ordem_id","account_id","cliente_id","produto_id","tipo","quantidade","preco_unit","valor_total","status","created_at","updated_at") VALUES (80002,1002,2,201,'COMPRA',9347.95,1.0,9347.95,'CANCELADA','2025-06-01T15:13:09','2025-06-01T15:14:09');
INSERT INTO src_cdb_ordem ("ordem_id","account_id","cliente_id","produto_id","tipo","quantidade","preco_unit","valor_total","status","created_at","updated_at") VALUES (80003,1001,1,206,'VENDA',7465.27,1.0,7465.27,'PROCESSING','2025-06-01T15:39:28','2025-06-01T15:40:28');
INSERT INTO src_cdb_ordem ("ordem_id","account_id","cliente_id","produto_id","tipo","quantidade","preco_unit","valor_total","status","created_at","updated_at") VALUES (80003,1001,1,206,'VENDA',7465.27,1.0,7465.27,'EXECUTADA','2025-06-01T15:51:28','2025-06-01T15:52:28');
INSERT INTO src_cdb_ordem ("ordem_id","account_id","cliente_id","produto_id","tipo","quantidade","preco_unit","valor_total","status","created_at","updated_at") VALUES (80004,1001,1,203,'COMPRA',7487.91,1.0,7487.91,'PROCESSING','2025-06-01T10:07:51','2025-06-01T10:08:51');
INSERT INTO src_cdb_ordem ("ordem_id","account_id","cliente_id","produto_id","tipo","quantidade","preco_unit","valor_total","status","created_at","updated_at") VALUES (80004,1001,1,203,'COMPRA',7487.91,1.0,7487.91,'CANCELADA','2025-06-01T10:23:51','2025-06-01T10:24:51');
INSERT INTO src_cdb_ordem ("ordem_id","account_id","cliente_id","produto_id","tipo","quantidade","preco_unit","valor_total","status","created_at","updated_at") VALUES (80004,1001,1,203,'COMPRA',7487.91,1.0,7487.91,'PROCESSING','2025-06-01T10:08:51','2025-06-01T10:09:51');
INSERT INTO src_cdb_ordem ("ordem_id","account_id","cliente_id","produto_id","tipo","quantidade","preco_unit","valor_total","status","created_at","updated_at") VALUES (80005,1004,4,206,'COMPRA',6751.55,1.0,6751.55,'PROCESSING','2025-06-04T16:55:52','2025-06-04T16:56:52');
INSERT INTO src_cdb_ordem ("ordem_id","account_id","cliente_id","produto_id","tipo","quantidade","preco_unit","valor_total","status","created_at","updated_at") VALUES (80005,1004,4,206,'COMPRA',6751.55,1.0,6751.55,'EXECUTADA','2025-06-04T17:21:52','2025-06-04T17:22:52');
INSERT INTO src_cdb_ordem ("ordem_id","account_id","cliente_id","produto_id","tipo","quantidade","preco_unit","valor_total","status","created_at","updated_at") VALUES (80005,1004,4,206,'COMPRA',6751.55,1.0,6751.55,'PROCESSING','2025-06-04T16:56:52','2025-06-04T16:57:52');
INSERT INTO src_cdb_ordem ("ordem_id","account_id","cliente_id","produto_id","tipo","quantidade","preco_unit","valor_total","status","created_at","updated_at") VALUES (80006,1001,1,201,'COMPRA',5721.74,1.0,5721.74,'PROCESSING','2025-06-04T15:12:21','2025-06-04T15:13:21');
INSERT INTO src_cdb_ordem ("ordem_id","account_id","cliente_id","produto_id","tipo","quantidade","preco_unit","valor_total","status","created_at","updated_at") VALUES (80006,1001,1,201,'COMPRA',5721.74,1.0,5721.74,'CANCELADA','2025-06-04T15:42:21','2025-06-04T15:43:21');
INSERT INTO src_cdb_ordem ("ordem_id","account_id","cliente_id","produto_id","tipo","quantidade","preco_unit","valor_total","status","created_at","updated_at") VALUES (80007,1003,3,203,'VENDA',5163.96,1.0,5163.96,'PROCESSING','2025-06-04T14:31:24','2025-06-04T14:32:24');
INSERT INTO src_cdb_ordem ("ordem_id","account_id","cliente_id","produto_id","tipo","quantidade","preco_unit","valor_total","status","created_at","updated_at") VALUES (80007,1003,3,203,'VENDA',5163.96,1.0,5163.96,'EXECUTADA','2025-06-04T14:59:24','2025-06-04T15:00:24');
INSERT INTO src_cdb_ordem ("ordem_id","account_id","cliente_id","produto_id","tipo","quantidade","preco_unit","valor_total","status","created_at","updated_at") VALUES (80007,1003,3,203,'VENDA',5163.96,1.0,5163.96,'PROCESSING','2025-06-04T14:32:24','2025-06-04T14:33:24');
INSERT INTO src_cdb_ordem ("ordem_id","account_id","cliente_id","produto_id","tipo","quantidade","preco_unit","valor_total","status","created_at","updated_at") VALUES (80008,1004,4,201,'COMPRA',5639.18,1.0,5639.18,'PROCESSING','2025-06-04T20:33:14','2025-06-04T20:34:14');
INSERT INTO src_cdb_ordem ("ordem_id","account_id","cliente_id","produto_id","tipo","quantidade","preco_unit","valor_total","status","created_at","updated_at") VALUES (80008,1004,4,201,'COMPRA',5639.18,1.0,5639.18,'EXECUTADA','2025-06-04T20:45:14','2025-06-04T20:46:14');
INSERT INTO src_cdb_ordem ("ordem_id","account_id","cliente_id","produto_id","tipo","quantidade","preco_unit","valor_total","status","created_at","updated_at") VALUES (80009,1001,1,202,'COMPRA',6377.02,1.0,6377.02,'PROCESSING','2025-06-04T14:22:48','2025-06-04T14:23:48');
INSERT INTO src_cdb_ordem ("ordem_id","account_id","cliente_id","produto_id","tipo","quantidade","preco_unit","valor_total","status","created_at","updated_at") VALUES (80009,1001,1,202,'COMPRA',6377.02,1.0,6377.02,'EXECUTADA','2025-06-04T14:33:48','2025-06-04T14:34:48');
INSERT INTO src_cdb_ordem ("ordem_id","account_id","cliente_id","produto_id","tipo","quantidade","preco_unit","valor_total","status","created_at","updated_at") VALUES (80009,1001,1,202,'COMPRA',6377.02,1.0,6377.02,'PROCESSING','2025-06-04T14:23:48','2025-06-04T14:24:48');
INSERT INTO src_cdb_ordem ("ordem_id","account_id","cliente_id","produto_id","tipo","quantidade","preco_unit","valor_total","status","created_at","updated_at") VALUES (80010,1001,1,202,'COMPRA',3936.29,1.0,3936.29,'PROCESSING','2025-06-07T19:02:43','2025-06-07T19:03:43');
INSERT INTO src_cdb_ordem ("ordem_id","account_id","cliente_id","produto_id","tipo","quantidade","preco_unit","valor_total","status","created_at","updated_at") VALUES (80010,1001,1,202,'COMPRA',3936.29,1.0,3936.29,'EXECUTADA','2025-06-07T19:25:43','2025-06-07T19:26:43');
INSERT INTO src_cdb_ordem ("ordem_id","account_id","cliente_id","produto_id","tipo","quantidade","preco_unit","valor_total","status","created_at","updated_at") VALUES (80011,1004,4,202,'VENDA',6028.03,1.0,6028.03,'PROCESSING','2025-06-07T14:31:32','2025-06-07T14:32:32');
INSERT INTO src_cdb_ordem ("ordem_id","account_id","cliente_id","produto_id","tipo","quantidade","preco_unit","valor_total","status","created_at","updated_at") VALUES (80011,1004,4,202,'VENDA',6028.03,1.0,6028.03,'EXECUTADA','2025-06-07T14:40:32','2025-06-07T14:41:32');
INSERT INTO src_cdb_ordem ("ordem_id","account_id","cliente_id","produto_id","tipo","quantidade","preco_unit","valor_total","status","created_at","updated_at") VALUES (80012,1002,2,202,'COMPRA',4560.56,1.0,4560.56,'PROCESSING','2025-06-07T15:49:47','2025-06-07T15:50:47');
INSERT INTO src_cdb_ordem ("ordem_id","account_id","cliente_id","produto_id","tipo","quantidade","preco_unit","valor_total","status","created_at","updated_at") VALUES (80012,1002,2,202,'COMPRA',4560.56,1.0,4560.56,'EXECUTADA','2025-06-07T16:17:47','2025-06-07T16:18:47');
INSERT INTO src_cdb_ordem ("ordem_id","account_id","cliente_id","produto_id","tipo","quantidade","preco_unit","valor_total","status","created_at","updated_at") VALUES (80013,1003,3,203,'COMPRA',2711.37,1.0,2711.37,'PROCESSING','2025-06-07T15:04:55','2025-06-07T15:05:55');
INSERT INTO src_cdb_ordem ("ordem_id","account_id","cliente_id","produto_id","tipo","quantidade","preco_unit","valor_total","status","created_at","updated_at") VALUES (80013,1003,3,203,'COMPRA',2711.37,1.0,2711.37,'EXECUTADA','2025-06-07T15:34:55','2025-06-07T15:35:55');
INSERT INTO src_cdb_ordem ("ordem_id","account_id","cliente_id","produto_id","tipo","quantidade","preco_unit","valor_total","status","created_at","updated_at") VALUES (80013,1003,3,203,'COMPRA',2711.37,1.0,2711.37,'PROCESSING','2025-06-07T15:05:55','2025-06-07T15:06:55');
INSERT INTO src_cdb_ordem ("ordem_id","account_id","cliente_id","produto_id","tipo","quantidade","preco_unit","valor_total","status","created_at","updated_at") VALUES (80014,1004,4,201,'COMPRA',9601.11,1.0,9601.11,'PROCESSING','2025-06-10T17:58:46','2025-06-10T17:59:46');
INSERT INTO src_cdb_ordem ("ordem_id","account_id","cliente_id","produto_id","tipo","quantidade","preco_unit","valor_total","status","created_at","updated_at") VALUES (80014,1004,4,201,'COMPRA',9601.11,1.0,9601.11,'EXECUTADA','2025-06-10T18:06:46','2025-06-10T18:07:46');
INSERT INTO src_cdb_ordem ("ordem_id","account_id","cliente_id","produto_id","tipo","quantidade","preco_unit","valor_total","status","created_at","updated_at") VALUES (80015,1003,3,202,'VENDA',6133.15,1.0,6133.15,'PROCESSING','2025-06-10T15:31:37','2025-06-10T15:32:37');
INSERT INTO src_cdb_ordem ("ordem_id","account_id","cliente_id","produto_id","tipo","quantidade","preco_unit","valor_total","status","created_at","updated_at") VALUES (80015,1003,3,202,'VENDA',6133.15,1.0,6133.15,'CANCELADA','2025-06-10T15:48:37','2025-06-10T15:49:37');
INSERT INTO src_cdb_ordem ("ordem_id","account_id","cliente_id","produto_id","tipo","quantidade","preco_unit","valor_total","status","created_at","updated_at") VALUES (80016,1003,3,202,'COMPRA',399.27,1.0,399.27,'PROCESSING','2025-06-10T19:08:45','2025-06-10T19:09:45');
INSERT INTO src_cdb_ordem ("ordem_id","account_id","cliente_id","produto_id","tipo","quantidade","preco_unit","valor_total","status","created_at","updated_at") VALUES (80016,1003,3,202,'COMPRA',399.27,1.0,399.27,'EXECUTADA','2025-06-10T19:28:45','2025-06-10T19:29:45');
INSERT INTO src_cdb_ordem ("ordem_id","account_id","cliente_id","produto_id","tipo","quantidade","preco_unit","valor_total","status","created_at","updated_at") VALUES (80017,1002,2,206,'COMPRA',4234.38,1.0,4234.38,'PROCESSING','2025-06-10T11:08:09','2025-06-10T11:09:09');
INSERT INTO src_cdb_ordem ("ordem_id","account_id","cliente_id","produto_id","tipo","quantidade","preco_unit","valor_total","status","created_at","updated_at") VALUES (80017,1002,2,206,'COMPRA',4234.38,1.0,4234.38,'EXECUTADA','2025-06-10T11:13:09','2025-06-10T11:14:09');
INSERT INTO src_cdb_ordem ("ordem_id","account_id","cliente_id","produto_id","tipo","quantidade","preco_unit","valor_total","status","created_at","updated_at") VALUES (80017,1002,2,206,'COMPRA',4234.38,1.0,4234.38,'PROCESSING','2025-06-10T11:09:09','2025-06-10T11:10:09');
INSERT INTO src_cdb_ordem ("ordem_id","account_id","cliente_id","produto_id","tipo","quantidade","preco_unit","valor_total","status","created_at","updated_at") VALUES (80018,1002,2,201,'VENDA',6656.64,1.0,6656.64,'PROCESSING','2025-06-13T11:19:34','2025-06-13T11:20:34');
INSERT INTO src_cdb_ordem ("ordem_id","account_id","cliente_id","produto_id","tipo","quantidade","preco_unit","valor_total","status","created_at","updated_at") VALUES (80018,1002,2,201,'VENDA',6656.64,1.0,6656.64,'REJEITADA','2025-06-13T11:33:34','2025-06-13T11:34:34');
INSERT INTO src_cdb_ordem ("ordem_id","account_id","cliente_id","produto_id","tipo","quantidade","preco_unit","valor_total","status","created_at","updated_at") VALUES (80019,1002,2,202,'COMPRA',8617.69,1.0,8617.69,'PROCESSING','2025-06-13T12:45:47','2025-06-13T12:46:47');
INSERT INTO src_cdb_ordem ("ordem_id","account_id","cliente_id","produto_id","tipo","quantidade","preco_unit","valor_total","status","created_at","updated_at") VALUES (80019,1002,2,202,'COMPRA',8617.69,1.0,8617.69,'EXECUTADA','2025-06-13T12:48:47','2025-06-13T12:49:47');
INSERT INTO src_cdb_ordem ("ordem_id","account_id","cliente_id","produto_id","tipo","quantidade","preco_unit","valor_total","status","created_at","updated_at") VALUES (80020,1001,1,201,'COMPRA',8685.29,1.0,8685.29,'PROCESSING','2025-06-13T15:48:36','2025-06-13T15:49:36');
INSERT INTO src_cdb_ordem ("ordem_id","account_id","cliente_id","produto_id","tipo","quantidade","preco_unit","valor_total","status","created_at","updated_at") VALUES (80020,1001,1,201,'COMPRA',8685.29,1.0,8685.29,'EXECUTADA','2025-06-13T16:12:36','2025-06-13T16:13:36');
INSERT INTO src_cdb_ordem ("ordem_id","account_id","cliente_id","produto_id","tipo","quantidade","preco_unit","valor_total","status","created_at","updated_at") VALUES (80020,1001,1,201,'COMPRA',8685.29,1.0,8685.29,'PROCESSING','2025-06-13T15:49:36','2025-06-13T15:50:36');
INSERT INTO src_cdb_ordem ("ordem_id","account_id","cliente_id","produto_id","tipo","quantidade","preco_unit","valor_total","status","created_at","updated_at") VALUES (80021,1003,3,201,'COMPRA',1814.88,1.0,1814.88,'PROCESSING','2025-06-13T20:57:18','2025-06-13T20:58:18');
INSERT INTO src_cdb_ordem ("ordem_id","account_id","cliente_id","produto_id","tipo","quantidade","preco_unit","valor_total","status","created_at","updated_at") VALUES (80021,1003,3,201,'COMPRA',1814.88,1.0,1814.88,'CANCELADA','2025-06-13T21:24:18','2025-06-13T21:25:18');
INSERT INTO src_cdb_ordem ("ordem_id","account_id","cliente_id","produto_id","tipo","quantidade","preco_unit","valor_total","status","created_at","updated_at") VALUES (80022,1001,1,201,'COMPRA',7425.35,1.0,7425.35,'PROCESSING','2025-06-13T17:19:18','2025-06-13T17:20:18');
INSERT INTO src_cdb_ordem ("ordem_id","account_id","cliente_id","produto_id","tipo","quantidade","preco_unit","valor_total","status","created_at","updated_at") VALUES (80022,1001,1,201,'COMPRA',7425.35,1.0,7425.35,'EXECUTADA','2025-06-13T17:37:18','2025-06-13T17:38:18');
INSERT INTO src_cdb_ordem ("ordem_id","account_id","cliente_id","produto_id","tipo","quantidade","preco_unit","valor_total","status","created_at","updated_at") VALUES (80023,1002,2,201,'COMPRA',3459.7,1.0,3459.7,'PROCESSING','2025-06-13T12:22:04','2025-06-13T12:23:04');
INSERT INTO src_cdb_ordem ("ordem_id","account_id","cliente_id","produto_id","tipo","quantidade","preco_unit","valor_total","status","created_at","updated_at") VALUES (80023,1002,2,201,'COMPRA',3459.7,1.0,3459.7,'EXECUTADA','2025-06-13T12:37:04','2025-06-13T12:38:04');
INSERT INTO src_cdb_ordem ("ordem_id","account_id","cliente_id","produto_id","tipo","quantidade","preco_unit","valor_total","status","created_at","updated_at") VALUES (80023,1002,2,201,'COMPRA',3459.7,1.0,3459.7,'PROCESSING','2025-06-13T12:23:04','2025-06-13T12:24:04');
INSERT INTO src_cdb_ordem ("ordem_id","account_id","cliente_id","produto_id","tipo","quantidade","preco_unit","valor_total","status","created_at","updated_at") VALUES (80024,1001,1,206,'COMPRA',9486.39,1.0,9486.39,'PROCESSING','2025-06-16T19:41:45','2025-06-16T19:42:45');
INSERT INTO src_cdb_ordem ("ordem_id","account_id","cliente_id","produto_id","tipo","quantidade","preco_unit","valor_total","status","created_at","updated_at") VALUES (80024,1001,1,206,'COMPRA',9486.39,1.0,9486.39,'EXECUTADA','2025-06-16T19:59:45','2025-06-16T20:00:45');
INSERT INTO src_cdb_ordem ("ordem_id","account_id","cliente_id","produto_id","tipo","quantidade","preco_unit","valor_total","status","created_at","updated_at") VALUES (80025,1004,4,201,'COMPRA',773.55,1.0,773.55,'PROCESSING','2025-06-16T15:02:15','2025-06-16T15:03:15');
INSERT INTO src_cdb_ordem ("ordem_id","account_id","cliente_id","produto_id","tipo","quantidade","preco_unit","valor_total","status","created_at","updated_at") VALUES (80025,1004,4,201,'COMPRA',773.55,1.0,773.55,'EXECUTADA','2025-06-16T15:22:15','2025-06-16T15:23:15');
INSERT INTO src_cdb_ordem ("ordem_id","account_id","cliente_id","produto_id","tipo","quantidade","preco_unit","valor_total","status","created_at","updated_at") VALUES (80026,1004,4,206,'COMPRA',4169.71,1.0,4169.71,'PROCESSING','2025-06-16T14:31:14','2025-06-16T14:32:14');
INSERT INTO src_cdb_ordem ("ordem_id","account_id","cliente_id","produto_id","tipo","quantidade","preco_unit","valor_total","status","created_at","updated_at") VALUES (80026,1004,4,206,'COMPRA',4169.71,1.0,4169.71,'EXECUTADA','2025-06-16T14:53:14','2025-06-16T14:54:14');
INSERT INTO src_cdb_ordem ("ordem_id","account_id","cliente_id","produto_id","tipo","quantidade","preco_unit","valor_total","status","created_at","updated_at") VALUES (80026,1004,4,206,'COMPRA',4169.71,1.0,4169.71,'PROCESSING','2025-06-16T14:32:14','2025-06-16T14:33:14');
INSERT INTO src_cdb_ordem ("ordem_id","account_id","cliente_id","produto_id","tipo","quantidade","preco_unit","valor_total","status","created_at","updated_at") VALUES (80027,1002,2,206,'COMPRA',6164.53,1.0,6164.53,'PROCESSING','2025-06-19T12:49:28','2025-06-19T12:50:28');
INSERT INTO src_cdb_ordem ("ordem_id","account_id","cliente_id","produto_id","tipo","quantidade","preco_unit","valor_total","status","created_at","updated_at") VALUES (80027,1002,2,206,'COMPRA',6164.53,1.0,6164.53,'EXECUTADA','2025-06-19T13:15:28','2025-06-19T13:16:28');
INSERT INTO src_cdb_ordem ("ordem_id","account_id","cliente_id","produto_id","tipo","quantidade","preco_unit","valor_total","status","created_at","updated_at") VALUES (80028,1003,3,202,'COMPRA',5137.19,1.0,5137.19,'PROCESSING','2025-06-19T13:39:24','2025-06-19T13:40:24');
INSERT INTO src_cdb_ordem ("ordem_id","account_id","cliente_id","produto_id","tipo","quantidade","preco_unit","valor_total","status","created_at","updated_at") VALUES (80028,1003,3,202,'COMPRA',5137.19,1.0,5137.19,'CANCELADA','2025-06-19T14:03:24','2025-06-19T14:04:24');
INSERT INTO src_cdb_ordem ("ordem_id","account_id","cliente_id","produto_id","tipo","quantidade","preco_unit","valor_total","status","created_at","updated_at") VALUES (80029,1001,1,202,'COMPRA',3323.81,1.0,3323.81,'PROCESSING','2025-06-19T15:45:09','2025-06-19T15:46:09');
INSERT INTO src_cdb_ordem ("ordem_id","account_id","cliente_id","produto_id","tipo","quantidade","preco_unit","valor_total","status","created_at","updated_at") VALUES (80029,1001,1,202,'COMPRA',3323.81,1.0,3323.81,'EXECUTADA','2025-06-19T15:52:09','2025-06-19T15:53:09');
INSERT INTO src_cdb_ordem ("ordem_id","account_id","cliente_id","produto_id","tipo","quantidade","preco_unit","valor_total","status","created_at","updated_at") VALUES (80029,1001,1,202,'COMPRA',3323.81,1.0,3323.81,'PROCESSING','2025-06-19T15:46:09','2025-06-19T15:47:09');
INSERT INTO src_cdb_ordem ("ordem_id","account_id","cliente_id","produto_id","tipo","quantidade","preco_unit","valor_total","status","created_at","updated_at") VALUES (80030,1003,3,206,'COMPRA',4784.78,1.0,4784.78,'PROCESSING','2025-06-19T10:10:45','2025-06-19T10:11:45');
INSERT INTO src_cdb_ordem ("ordem_id","account_id","cliente_id","produto_id","tipo","quantidade","preco_unit","valor_total","status","created_at","updated_at") VALUES (80030,1003,3,206,'COMPRA',4784.78,1.0,4784.78,'EXECUTADA','2025-06-19T10:33:45','2025-06-19T10:34:45');
INSERT INTO src_cdb_ordem ("ordem_id","account_id","cliente_id","produto_id","tipo","quantidade","preco_unit","valor_total","status","created_at","updated_at") VALUES (80031,1002,2,203,'COMPRA',577.33,1.0,577.33,'PROCESSING','2025-06-19T17:16:54','2025-06-19T17:17:54');
INSERT INTO src_cdb_ordem ("ordem_id","account_id","cliente_id","produto_id","tipo","quantidade","preco_unit","valor_total","status","created_at","updated_at") VALUES (80031,1002,2,203,'COMPRA',577.33,1.0,577.33,'REJEITADA','2025-06-19T17:46:54','2025-06-19T17:47:54');
INSERT INTO src_cdb_ordem ("ordem_id","account_id","cliente_id","produto_id","tipo","quantidade","preco_unit","valor_total","status","created_at","updated_at") VALUES (80032,1002,2,202,'COMPRA',2990.89,1.0,2990.89,'PROCESSING','2025-06-19T15:10:25','2025-06-19T15:11:25');
INSERT INTO src_cdb_ordem ("ordem_id","account_id","cliente_id","produto_id","tipo","quantidade","preco_unit","valor_total","status","created_at","updated_at") VALUES (80032,1002,2,202,'COMPRA',2990.89,1.0,2990.89,'EXECUTADA','2025-06-19T15:25:25','2025-06-19T15:26:25');
INSERT INTO src_cdb_ordem ("ordem_id","account_id","cliente_id","produto_id","tipo","quantidade","preco_unit","valor_total","status","created_at","updated_at") VALUES (80033,1002,2,206,'COMPRA',1259.9,1.0,1259.9,'PROCESSING','2025-06-22T12:02:22','2025-06-22T12:03:22');
INSERT INTO src_cdb_ordem ("ordem_id","account_id","cliente_id","produto_id","tipo","quantidade","preco_unit","valor_total","status","created_at","updated_at") VALUES (80033,1002,2,206,'COMPRA',1259.9,1.0,1259.9,'CANCELADA','2025-06-22T12:31:22','2025-06-22T12:32:22');
INSERT INTO src_cdb_ordem ("ordem_id","account_id","cliente_id","produto_id","tipo","quantidade","preco_unit","valor_total","status","created_at","updated_at") VALUES (80034,1001,1,201,'COMPRA',680.9,1.0,680.9,'PROCESSING','2025-06-22T18:28:44','2025-06-22T18:29:44');
INSERT INTO src_cdb_ordem ("ordem_id","account_id","cliente_id","produto_id","tipo","quantidade","preco_unit","valor_total","status","created_at","updated_at") VALUES (80034,1001,1,201,'COMPRA',680.9,1.0,680.9,'EXECUTADA','2025-06-22T18:30:44','2025-06-22T18:31:44');
INSERT INTO src_cdb_ordem ("ordem_id","account_id","cliente_id","produto_id","tipo","quantidade","preco_unit","valor_total","status","created_at","updated_at") VALUES (80035,1002,2,201,'VENDA',2145.94,1.0,2145.94,'PROCESSING','2025-06-22T14:57:00','2025-06-22T14:58:00');
INSERT INTO src_cdb_ordem ("ordem_id","account_id","cliente_id","produto_id","tipo","quantidade","preco_unit","valor_total","status","created_at","updated_at") VALUES (80035,1002,2,201,'VENDA',2145.94,1.0,2145.94,'EXECUTADA','2025-06-22T15:03:00','2025-06-22T15:04:00');
INSERT INTO src_cdb_ordem ("ordem_id","account_id","cliente_id","produto_id","tipo","quantidade","preco_unit","valor_total","status","created_at","updated_at") VALUES (80036,1004,4,201,'COMPRA',4346.23,1.0,4346.23,'PROCESSING','2025-06-22T17:15:14','2025-06-22T17:16:14');
INSERT INTO src_cdb_ordem ("ordem_id","account_id","cliente_id","produto_id","tipo","quantidade","preco_unit","valor_total","status","created_at","updated_at") VALUES (80036,1004,4,201,'COMPRA',4346.23,1.0,4346.23,'EXECUTADA','2025-06-22T17:43:14','2025-06-22T17:44:14');
INSERT INTO src_cdb_ordem ("ordem_id","account_id","cliente_id","produto_id","tipo","quantidade","preco_unit","valor_total","status","created_at","updated_at") VALUES (80037,1004,4,201,'COMPRA',1008.22,1.0,1008.22,'PROCESSING','2025-06-22T15:57:53','2025-06-22T15:58:53');
INSERT INTO src_cdb_ordem ("ordem_id","account_id","cliente_id","produto_id","tipo","quantidade","preco_unit","valor_total","status","created_at","updated_at") VALUES (80037,1004,4,201,'COMPRA',1008.22,1.0,1008.22,'EXECUTADA','2025-06-22T16:23:53','2025-06-22T16:24:53');
INSERT INTO src_cdb_ordem ("ordem_id","account_id","cliente_id","produto_id","tipo","quantidade","preco_unit","valor_total","status","created_at","updated_at") VALUES (80038,1001,1,206,'VENDA',6183.24,1.0,6183.24,'PROCESSING','2025-06-25T18:31:30','2025-06-25T18:32:30');
INSERT INTO src_cdb_ordem ("ordem_id","account_id","cliente_id","produto_id","tipo","quantidade","preco_unit","valor_total","status","created_at","updated_at") VALUES (80038,1001,1,206,'VENDA',6183.24,1.0,6183.24,'EXECUTADA','2025-06-25T18:54:30','2025-06-25T18:55:30');
INSERT INTO src_cdb_ordem ("ordem_id","account_id","cliente_id","produto_id","tipo","quantidade","preco_unit","valor_total","status","created_at","updated_at") VALUES (80039,1003,3,202,'COMPRA',3190.48,1.0,3190.48,'PROCESSING','2025-06-25T19:00:56','2025-06-25T19:01:56');
INSERT INTO src_cdb_ordem ("ordem_id","account_id","cliente_id","produto_id","tipo","quantidade","preco_unit","valor_total","status","created_at","updated_at") VALUES (80039,1003,3,202,'COMPRA',3190.48,1.0,3190.48,'CANCELADA','2025-06-25T19:23:56','2025-06-25T19:24:56');
INSERT INTO src_cdb_ordem ("ordem_id","account_id","cliente_id","produto_id","tipo","quantidade","preco_unit","valor_total","status","created_at","updated_at") VALUES (80039,1003,3,202,'COMPRA',3190.48,1.0,3190.48,'PROCESSING','2025-06-25T19:01:56','2025-06-25T19:02:56');
INSERT INTO src_cdb_ordem ("ordem_id","account_id","cliente_id","produto_id","tipo","quantidade","preco_unit","valor_total","status","created_at","updated_at") VALUES (80040,1001,1,202,'COMPRA',3718.0,1.0,3718.0,'PROCESSING','2025-06-25T11:02:37','2025-06-25T11:03:37');
INSERT INTO src_cdb_ordem ("ordem_id","account_id","cliente_id","produto_id","tipo","quantidade","preco_unit","valor_total","status","created_at","updated_at") VALUES (80040,1001,1,202,'COMPRA',3718.0,1.0,3718.0,'EXECUTADA','2025-06-25T11:25:37','2025-06-25T11:26:37');
INSERT INTO src_cdb_ordem ("ordem_id","account_id","cliente_id","produto_id","tipo","quantidade","preco_unit","valor_total","status","created_at","updated_at") VALUES (80041,1004,4,202,'COMPRA',2556.97,1.0,2556.97,'PROCESSING','2025-06-25T14:34:16','2025-06-25T14:35:16');
INSERT INTO src_cdb_ordem ("ordem_id","account_id","cliente_id","produto_id","tipo","quantidade","preco_unit","valor_total","status","created_at","updated_at") VALUES (80041,1004,4,202,'COMPRA',2556.97,1.0,2556.97,'EXECUTADA','2025-06-25T14:58:16','2025-06-25T14:59:16');
INSERT INTO src_cdb_ordem ("ordem_id","account_id","cliente_id","produto_id","tipo","quantidade","preco_unit","valor_total","status","created_at","updated_at") VALUES (80041,1004,4,202,'COMPRA',2556.97,1.0,2556.97,'PROCESSING','2025-06-25T14:35:16','2025-06-25T14:36:16');
INSERT INTO src_cdb_ordem ("ordem_id","account_id","cliente_id","produto_id","tipo","quantidade","preco_unit","valor_total","status","created_at","updated_at") VALUES (80042,1001,1,203,'VENDA',2373.04,1.0,2373.04,'PROCESSING','2025-06-28T09:46:22','2025-06-28T09:47:22');
INSERT INTO src_cdb_ordem ("ordem_id","account_id","cliente_id","produto_id","tipo","quantidade","preco_unit","valor_total","status","created_at","updated_at") VALUES (80042,1001,1,203,'VENDA',2373.04,1.0,2373.04,'EXECUTADA','2025-06-28T10:08:22','2025-06-28T10:09:22');
INSERT INTO src_cdb_ordem ("ordem_id","account_id","cliente_id","produto_id","tipo","quantidade","preco_unit","valor_total","status","created_at","updated_at") VALUES (80043,1002,2,201,'COMPRA',5089.98,1.0,5089.98,'PROCESSING','2025-06-28T11:55:54','2025-06-28T11:56:54');
INSERT INTO src_cdb_ordem ("ordem_id","account_id","cliente_id","produto_id","tipo","quantidade","preco_unit","valor_total","status","created_at","updated_at") VALUES (80043,1002,2,201,'COMPRA',5089.98,1.0,5089.98,'EXECUTADA','2025-06-28T11:57:54','2025-06-28T11:58:54');
INSERT INTO src_cdb_ordem ("ordem_id","account_id","cliente_id","produto_id","tipo","quantidade","preco_unit","valor_total","status","created_at","updated_at") VALUES (80044,1001,1,202,'COMPRA',6584.21,1.0,6584.21,'PROCESSING','2025-06-28T18:34:38','2025-06-28T18:35:38');
INSERT INTO src_cdb_ordem ("ordem_id","account_id","cliente_id","produto_id","tipo","quantidade","preco_unit","valor_total","status","created_at","updated_at") VALUES (80044,1001,1,202,'COMPRA',6584.21,1.0,6584.21,'CANCELADA','2025-06-28T18:45:38','2025-06-28T18:46:38');
INSERT INTO src_cdb_ordem ("ordem_id","account_id","cliente_id","produto_id","tipo","quantidade","preco_unit","valor_total","status","created_at","updated_at") VALUES (80045,1004,4,203,'COMPRA',3713.61,1.0,3713.61,'PROCESSING','2025-06-28T18:16:38','2025-06-28T18:17:38');
INSERT INTO src_cdb_ordem ("ordem_id","account_id","cliente_id","produto_id","tipo","quantidade","preco_unit","valor_total","status","created_at","updated_at") VALUES (80045,1004,4,203,'COMPRA',3713.61,1.0,3713.61,'EXECUTADA','2025-06-28T18:30:38','2025-06-28T18:31:38');
INSERT INTO src_cdb_ordem ("ordem_id","account_id","cliente_id","produto_id","tipo","quantidade","preco_unit","valor_total","status","created_at","updated_at") VALUES (80046,1002,2,202,'VENDA',5501.4,1.0,5501.4,'PROCESSING','2025-06-28T15:13:14','2025-06-28T15:14:14');
INSERT INTO src_cdb_ordem ("ordem_id","account_id","cliente_id","produto_id","tipo","quantidade","preco_unit","valor_total","status","created_at","updated_at") VALUES (80046,1002,2,202,'VENDA',5501.4,1.0,5501.4,'REJEITADA','2025-06-28T15:32:14','2025-06-28T15:33:14');
INSERT INTO src_cdb_ordem ("ordem_id","account_id","cliente_id","produto_id","tipo","quantidade","preco_unit","valor_total","status","created_at","updated_at") VALUES (80047,1004,4,203,'VENDA',2626.75,1.0,2626.75,'PROCESSING','2025-06-28T18:11:22','2025-06-28T18:12:22');
INSERT INTO src_cdb_ordem ("ordem_id","account_id","cliente_id","produto_id","tipo","quantidade","preco_unit","valor_total","status","created_at","updated_at") VALUES (80047,1004,4,203,'VENDA',2626.75,1.0,2626.75,'EXECUTADA','2025-06-28T18:39:22','2025-06-28T18:40:22');
INSERT INTO src_cdb_ordem ("ordem_id","account_id","cliente_id","produto_id","tipo","quantidade","preco_unit","valor_total","status","created_at","updated_at") VALUES (80048,1001,1,206,'VENDA',7625.17,1.0,7625.17,'PROCESSING','2025-07-01T19:47:13','2025-07-01T19:48:13');
INSERT INTO src_cdb_ordem ("ordem_id","account_id","cliente_id","produto_id","tipo","quantidade","preco_unit","valor_total","status","created_at","updated_at") VALUES (80048,1001,1,206,'VENDA',7625.17,1.0,7625.17,'EXECUTADA','2025-07-01T19:55:13','2025-07-01T19:56:13');
INSERT INTO src_cdb_ordem ("ordem_id","account_id","cliente_id","produto_id","tipo","quantidade","preco_unit","valor_total","status","created_at","updated_at") VALUES (80049,1003,3,203,'COMPRA',2628.45,1.0,2628.45,'PROCESSING','2025-07-01T15:39:41','2025-07-01T15:40:41');
INSERT INTO src_cdb_ordem ("ordem_id","account_id","cliente_id","produto_id","tipo","quantidade","preco_unit","valor_total","status","created_at","updated_at") VALUES (80049,1003,3,203,'COMPRA',2628.45,1.0,2628.45,'EXECUTADA','2025-07-01T15:56:41','2025-07-01T15:57:41');
INSERT INTO src_cdb_ordem ("ordem_id","account_id","cliente_id","produto_id","tipo","quantidade","preco_unit","valor_total","status","created_at","updated_at") VALUES (80050,1002,2,203,'COMPRA',8322.73,1.0,8322.73,'PROCESSING','2025-07-01T12:31:30','2025-07-01T12:32:30');
INSERT INTO src_cdb_ordem ("ordem_id","account_id","cliente_id","produto_id","tipo","quantidade","preco_unit","valor_total","status","created_at","updated_at") VALUES (80050,1002,2,203,'COMPRA',8322.73,1.0,8322.73,'EXECUTADA','2025-07-01T12:50:30','2025-07-01T12:51:30');
INSERT INTO src_cdb_ordem ("ordem_id","account_id","cliente_id","produto_id","tipo","quantidade","preco_unit","valor_total","status","created_at","updated_at") VALUES (80051,1002,2,201,'COMPRA',3560.18,1.0,3560.18,'PROCESSING','2025-07-01T16:51:19','2025-07-01T16:52:19');
INSERT INTO src_cdb_ordem ("ordem_id","account_id","cliente_id","produto_id","tipo","quantidade","preco_unit","valor_total","status","created_at","updated_at") VALUES (80051,1002,2,201,'COMPRA',3560.18,1.0,3560.18,'EXECUTADA','2025-07-01T17:16:19','2025-07-01T17:17:19');
INSERT INTO src_cdb_ordem ("ordem_id","account_id","cliente_id","produto_id","tipo","quantidade","preco_unit","valor_total","status","created_at","updated_at") VALUES (80051,1002,2,201,'COMPRA',3560.18,1.0,3560.18,'PROCESSING','2025-07-01T16:52:19','2025-07-01T16:53:19');
INSERT INTO src_cdb_ordem ("ordem_id","account_id","cliente_id","produto_id","tipo","quantidade","preco_unit","valor_total","status","created_at","updated_at") VALUES (80052,1004,4,202,'COMPRA',336.33,1.0,336.33,'PROCESSING','2025-07-04T19:55:37','2025-07-04T19:56:37');
INSERT INTO src_cdb_ordem ("ordem_id","account_id","cliente_id","produto_id","tipo","quantidade","preco_unit","valor_total","status","created_at","updated_at") VALUES (80052,1004,4,202,'COMPRA',336.33,1.0,336.33,'EXECUTADA','2025-07-04T20:23:37','2025-07-04T20:24:37');
INSERT INTO src_cdb_ordem ("ordem_id","account_id","cliente_id","produto_id","tipo","quantidade","preco_unit","valor_total","status","created_at","updated_at") VALUES (80053,1002,2,206,'COMPRA',7421.19,1.0,7421.19,'PROCESSING','2025-07-04T16:43:03','2025-07-04T16:44:03');
INSERT INTO src_cdb_ordem ("ordem_id","account_id","cliente_id","produto_id","tipo","quantidade","preco_unit","valor_total","status","created_at","updated_at") VALUES (80053,1002,2,206,'COMPRA',7421.19,1.0,7421.19,'EXECUTADA','2025-07-04T17:11:03','2025-07-04T17:12:03');
INSERT INTO src_cdb_ordem ("ordem_id","account_id","cliente_id","produto_id","tipo","quantidade","preco_unit","valor_total","status","created_at","updated_at") VALUES (80053,1002,2,206,'COMPRA',7421.19,1.0,7421.19,'PROCESSING','2025-07-04T16:44:03','2025-07-04T16:45:03');
INSERT INTO src_cdb_ordem ("ordem_id","account_id","cliente_id","produto_id","tipo","quantidade","preco_unit","valor_total","status","created_at","updated_at") VALUES (80054,1003,3,206,'COMPRA',5757.32,1.0,5757.32,'PROCESSING','2025-07-04T16:38:45','2025-07-04T16:39:45');
INSERT INTO src_cdb_ordem ("ordem_id","account_id","cliente_id","produto_id","tipo","quantidade","preco_unit","valor_total","status","created_at","updated_at") VALUES (80054,1003,3,206,'COMPRA',5757.32,1.0,5757.32,'EXECUTADA','2025-07-04T17:07:45','2025-07-04T17:08:45');
INSERT INTO src_cdb_ordem ("ordem_id","account_id","cliente_id","produto_id","tipo","quantidade","preco_unit","valor_total","status","created_at","updated_at") VALUES (80055,1001,1,203,'COMPRA',7422.29,1.0,7422.29,'PROCESSING','2025-07-04T16:50:07','2025-07-04T16:51:07');
INSERT INTO src_cdb_ordem ("ordem_id","account_id","cliente_id","produto_id","tipo","quantidade","preco_unit","valor_total","status","created_at","updated_at") VALUES (80055,1001,1,203,'COMPRA',7422.29,1.0,7422.29,'CANCELADA','2025-07-04T16:58:07','2025-07-04T16:59:07');
INSERT INTO src_cdb_ordem ("ordem_id","account_id","cliente_id","produto_id","tipo","quantidade","preco_unit","valor_total","status","created_at","updated_at") VALUES (80056,1001,1,203,'COMPRA',1559.88,1.0,1559.88,'PROCESSING','2025-07-07T13:06:43','2025-07-07T13:07:43');
INSERT INTO src_cdb_ordem ("ordem_id","account_id","cliente_id","produto_id","tipo","quantidade","preco_unit","valor_total","status","created_at","updated_at") VALUES (80056,1001,1,203,'COMPRA',1559.88,1.0,1559.88,'EXECUTADA','2025-07-07T13:28:43','2025-07-07T13:29:43');
INSERT INTO src_cdb_ordem ("ordem_id","account_id","cliente_id","produto_id","tipo","quantidade","preco_unit","valor_total","status","created_at","updated_at") VALUES (80056,1001,1,203,'COMPRA',1559.88,1.0,1559.88,'PROCESSING','2025-07-07T13:07:43','2025-07-07T13:08:43');
INSERT INTO src_cdb_ordem ("ordem_id","account_id","cliente_id","produto_id","tipo","quantidade","preco_unit","valor_total","status","created_at","updated_at") VALUES (80057,1002,2,202,'COMPRA',7216.58,1.0,7216.58,'PROCESSING','2025-07-07T12:02:43','2025-07-07T12:03:43');
INSERT INTO src_cdb_ordem ("ordem_id","account_id","cliente_id","produto_id","tipo","quantidade","preco_unit","valor_total","status","created_at","updated_at") VALUES (80057,1002,2,202,'COMPRA',7216.58,1.0,7216.58,'CANCELADA','2025-07-07T12:24:43','2025-07-07T12:25:43');
INSERT INTO src_cdb_ordem ("ordem_id","account_id","cliente_id","produto_id","tipo","quantidade","preco_unit","valor_total","status","created_at","updated_at") VALUES (80058,1001,1,202,'VENDA',3052.15,1.0,3052.15,'PROCESSING','2025-07-07T13:44:52','2025-07-07T13:45:52');
INSERT INTO src_cdb_ordem ("ordem_id","account_id","cliente_id","produto_id","tipo","quantidade","preco_unit","valor_total","status","created_at","updated_at") VALUES (80058,1001,1,202,'VENDA',3052.15,1.0,3052.15,'EXECUTADA','2025-07-07T13:49:52','2025-07-07T13:50:52');
INSERT INTO src_cdb_ordem ("ordem_id","account_id","cliente_id","produto_id","tipo","quantidade","preco_unit","valor_total","status","created_at","updated_at") VALUES (80059,1001,1,202,'COMPRA',4604.4,1.0,4604.4,'PROCESSING','2025-07-07T17:34:35','2025-07-07T17:35:35');
INSERT INTO src_cdb_ordem ("ordem_id","account_id","cliente_id","produto_id","tipo","quantidade","preco_unit","valor_total","status","created_at","updated_at") VALUES (80059,1001,1,202,'COMPRA',4604.4,1.0,4604.4,'EXECUTADA','2025-07-07T17:56:35','2025-07-07T17:57:35');
INSERT INTO src_cdb_ordem ("ordem_id","account_id","cliente_id","produto_id","tipo","quantidade","preco_unit","valor_total","status","created_at","updated_at") VALUES (80059,1001,1,202,'COMPRA',4604.4,1.0,4604.4,'PROCESSING','2025-07-07T17:35:35','2025-07-07T17:36:35');
INSERT INTO src_cdb_ordem ("ordem_id","account_id","cliente_id","produto_id","tipo","quantidade","preco_unit","valor_total","status","created_at","updated_at") VALUES (80060,1003,3,202,'COMPRA',7623.26,1.0,7623.26,'PROCESSING','2025-07-07T19:41:29','2025-07-07T19:42:29');
INSERT INTO src_cdb_ordem ("ordem_id","account_id","cliente_id","produto_id","tipo","quantidade","preco_unit","valor_total","status","created_at","updated_at") VALUES (80060,1003,3,202,'COMPRA',7623.26,1.0,7623.26,'EXECUTADA','2025-07-07T20:01:29','2025-07-07T20:02:29');
INSERT INTO src_cdb_ordem ("ordem_id","account_id","cliente_id","produto_id","tipo","quantidade","preco_unit","valor_total","status","created_at","updated_at") VALUES (80060,1003,3,202,'COMPRA',7623.26,1.0,7623.26,'PROCESSING','2025-07-07T19:42:29','2025-07-07T19:43:29');
INSERT INTO src_cdb_ordem ("ordem_id","account_id","cliente_id","produto_id","tipo","quantidade","preco_unit","valor_total","status","created_at","updated_at") VALUES (80061,1001,1,206,'VENDA',7814.48,1.0,7814.48,'PROCESSING','2025-07-10T18:47:05','2025-07-10T18:48:05');
INSERT INTO src_cdb_ordem ("ordem_id","account_id","cliente_id","produto_id","tipo","quantidade","preco_unit","valor_total","status","created_at","updated_at") VALUES (80061,1001,1,206,'VENDA',7814.48,1.0,7814.48,'EXECUTADA','2025-07-10T18:53:05','2025-07-10T18:54:05');
INSERT INTO src_cdb_ordem ("ordem_id","account_id","cliente_id","produto_id","tipo","quantidade","preco_unit","valor_total","status","created_at","updated_at") VALUES (80061,1001,1,206,'VENDA',7814.48,1.0,7814.48,'PROCESSING','2025-07-10T18:48:05','2025-07-10T18:49:05');
INSERT INTO src_cdb_ordem ("ordem_id","account_id","cliente_id","produto_id","tipo","quantidade","preco_unit","valor_total","status","created_at","updated_at") VALUES (80062,1003,3,203,'COMPRA',3202.9,1.0,3202.9,'PROCESSING','2025-07-10T09:29:11','2025-07-10T09:30:11');
INSERT INTO src_cdb_ordem ("ordem_id","account_id","cliente_id","produto_id","tipo","quantidade","preco_unit","valor_total","status","created_at","updated_at") VALUES (80062,1003,3,203,'COMPRA',3202.9,1.0,3202.9,'EXECUTADA','2025-07-10T09:31:11','2025-07-10T09:32:11');
INSERT INTO src_cdb_ordem ("ordem_id","account_id","cliente_id","produto_id","tipo","quantidade","preco_unit","valor_total","status","created_at","updated_at") VALUES (80063,1002,2,202,'COMPRA',1917.03,1.0,1917.03,'PROCESSING','2025-07-10T19:07:40','2025-07-10T19:08:40');
INSERT INTO src_cdb_ordem ("ordem_id","account_id","cliente_id","produto_id","tipo","quantidade","preco_unit","valor_total","status","created_at","updated_at") VALUES (80063,1002,2,202,'COMPRA',1917.03,1.0,1917.03,'EXECUTADA','2025-07-10T19:33:40','2025-07-10T19:34:40');
INSERT INTO src_cdb_ordem ("ordem_id","account_id","cliente_id","produto_id","tipo","quantidade","preco_unit","valor_total","status","created_at","updated_at") VALUES (80063,1002,2,202,'COMPRA',1917.03,1.0,1917.03,'PROCESSING','2025-07-10T19:08:40','2025-07-10T19:09:40');
INSERT INTO src_cdb_ordem ("ordem_id","account_id","cliente_id","produto_id","tipo","quantidade","preco_unit","valor_total","status","created_at","updated_at") VALUES (80064,1002,2,201,'COMPRA',2652.63,1.0,2652.63,'PROCESSING','2025-07-10T18:36:06','2025-07-10T18:37:06');
INSERT INTO src_cdb_ordem ("ordem_id","account_id","cliente_id","produto_id","tipo","quantidade","preco_unit","valor_total","status","created_at","updated_at") VALUES (80064,1002,2,201,'COMPRA',2652.63,1.0,2652.63,'EXECUTADA','2025-07-10T18:51:06','2025-07-10T18:52:06');
INSERT INTO src_cdb_ordem ("ordem_id","account_id","cliente_id","produto_id","tipo","quantidade","preco_unit","valor_total","status","created_at","updated_at") VALUES (80065,1004,4,203,'VENDA',8122.81,1.0,8122.81,'PROCESSING','2025-07-13T19:22:56','2025-07-13T19:23:56');
INSERT INTO src_cdb_ordem ("ordem_id","account_id","cliente_id","produto_id","tipo","quantidade","preco_unit","valor_total","status","created_at","updated_at") VALUES (80065,1004,4,203,'VENDA',8122.81,1.0,8122.81,'CANCELADA','2025-07-13T19:25:56','2025-07-13T19:26:56');
INSERT INTO src_cdb_ordem ("ordem_id","account_id","cliente_id","produto_id","tipo","quantidade","preco_unit","valor_total","status","created_at","updated_at") VALUES (80066,1001,1,206,'COMPRA',5922.76,1.0,5922.76,'PROCESSING','2025-07-13T11:02:59','2025-07-13T11:03:59');
INSERT INTO src_cdb_ordem ("ordem_id","account_id","cliente_id","produto_id","tipo","quantidade","preco_unit","valor_total","status","created_at","updated_at") VALUES (80066,1001,1,206,'COMPRA',5922.76,1.0,5922.76,'EXECUTADA','2025-07-13T11:28:59','2025-07-13T11:29:59');
INSERT INTO src_cdb_ordem ("ordem_id","account_id","cliente_id","produto_id","tipo","quantidade","preco_unit","valor_total","status","created_at","updated_at") VALUES (80067,1004,4,203,'COMPRA',1890.59,1.0,1890.59,'PROCESSING','2025-07-13T14:23:42','2025-07-13T14:24:42');
INSERT INTO src_cdb_ordem ("ordem_id","account_id","cliente_id","produto_id","tipo","quantidade","preco_unit","valor_total","status","created_at","updated_at") VALUES (80067,1004,4,203,'COMPRA',1890.59,1.0,1890.59,'EXECUTADA','2025-07-13T14:33:42','2025-07-13T14:34:42');
INSERT INTO src_cdb_ordem ("ordem_id","account_id","cliente_id","produto_id","tipo","quantidade","preco_unit","valor_total","status","created_at","updated_at") VALUES (80068,1001,1,201,'COMPRA',1177.28,1.0,1177.28,'PROCESSING','2025-07-16T14:52:50','2025-07-16T14:53:50');
INSERT INTO src_cdb_ordem ("ordem_id","account_id","cliente_id","produto_id","tipo","quantidade","preco_unit","valor_total","status","created_at","updated_at") VALUES (80068,1001,1,201,'COMPRA',1177.28,1.0,1177.28,'EXECUTADA','2025-07-16T15:17:50','2025-07-16T15:18:50');
INSERT INTO src_cdb_ordem ("ordem_id","account_id","cliente_id","produto_id","tipo","quantidade","preco_unit","valor_total","status","created_at","updated_at") VALUES (80068,1001,1,201,'COMPRA',1177.28,1.0,1177.28,'PROCESSING','2025-07-16T14:53:50','2025-07-16T14:54:50');
INSERT INTO src_cdb_ordem ("ordem_id","account_id","cliente_id","produto_id","tipo","quantidade","preco_unit","valor_total","status","created_at","updated_at") VALUES (80069,1003,3,206,'COMPRA',6720.52,1.0,6720.52,'PROCESSING','2025-07-16T16:58:14','2025-07-16T16:59:14');
INSERT INTO src_cdb_ordem ("ordem_id","account_id","cliente_id","produto_id","tipo","quantidade","preco_unit","valor_total","status","created_at","updated_at") VALUES (80069,1003,3,206,'COMPRA',6720.52,1.0,6720.52,'EXECUTADA','2025-07-16T17:23:14','2025-07-16T17:24:14');
INSERT INTO src_cdb_ordem ("ordem_id","account_id","cliente_id","produto_id","tipo","quantidade","preco_unit","valor_total","status","created_at","updated_at") VALUES (80070,1004,4,201,'COMPRA',4894.05,1.0,4894.05,'PROCESSING','2025-07-16T17:56:23','2025-07-16T17:57:23');
INSERT INTO src_cdb_ordem ("ordem_id","account_id","cliente_id","produto_id","tipo","quantidade","preco_unit","valor_total","status","created_at","updated_at") VALUES (80070,1004,4,201,'COMPRA',4894.05,1.0,4894.05,'EXECUTADA','2025-07-16T17:59:23','2025-07-16T18:00:23');
INSERT INTO src_cdb_ordem ("ordem_id","account_id","cliente_id","produto_id","tipo","quantidade","preco_unit","valor_total","status","created_at","updated_at") VALUES (80071,1003,3,203,'COMPRA',7773.1,1.0,7773.1,'PROCESSING','2025-07-16T09:27:32','2025-07-16T09:28:32');
INSERT INTO src_cdb_ordem ("ordem_id","account_id","cliente_id","produto_id","tipo","quantidade","preco_unit","valor_total","status","created_at","updated_at") VALUES (80071,1003,3,203,'COMPRA',7773.1,1.0,7773.1,'EXECUTADA','2025-07-16T09:30:32','2025-07-16T09:31:32');
INSERT INTO src_cdb_ordem ("ordem_id","account_id","cliente_id","produto_id","tipo","quantidade","preco_unit","valor_total","status","created_at","updated_at") VALUES (80071,1003,3,203,'COMPRA',7773.1,1.0,7773.1,'PROCESSING','2025-07-16T09:28:32','2025-07-16T09:29:32');
INSERT INTO src_cdb_ordem ("ordem_id","account_id","cliente_id","produto_id","tipo","quantidade","preco_unit","valor_total","status","created_at","updated_at") VALUES (80072,1002,2,203,'COMPRA',7803.04,1.0,7803.04,'PROCESSING','2025-07-16T19:28:15','2025-07-16T19:29:15');
INSERT INTO src_cdb_ordem ("ordem_id","account_id","cliente_id","produto_id","tipo","quantidade","preco_unit","valor_total","status","created_at","updated_at") VALUES (80072,1002,2,203,'COMPRA',7803.04,1.0,7803.04,'EXECUTADA','2025-07-16T19:46:15','2025-07-16T19:47:15');
INSERT INTO src_cdb_ordem ("ordem_id","account_id","cliente_id","produto_id","tipo","quantidade","preco_unit","valor_total","status","created_at","updated_at") VALUES (80073,1003,3,202,'COMPRA',4957.16,1.0,4957.16,'PROCESSING','2025-07-19T14:23:57','2025-07-19T14:24:57');
INSERT INTO src_cdb_ordem ("ordem_id","account_id","cliente_id","produto_id","tipo","quantidade","preco_unit","valor_total","status","created_at","updated_at") VALUES (80073,1003,3,202,'COMPRA',4957.16,1.0,4957.16,'CANCELADA','2025-07-19T14:45:57','2025-07-19T14:46:57');
INSERT INTO src_cdb_ordem ("ordem_id","account_id","cliente_id","produto_id","tipo","quantidade","preco_unit","valor_total","status","created_at","updated_at") VALUES (80073,1003,3,202,'COMPRA',4957.16,1.0,4957.16,'PROCESSING','2025-07-19T14:24:57','2025-07-19T14:25:57');
INSERT INTO src_cdb_ordem ("ordem_id","account_id","cliente_id","produto_id","tipo","quantidade","preco_unit","valor_total","status","created_at","updated_at") VALUES (80074,1001,1,201,'COMPRA',9968.38,1.0,9968.38,'PROCESSING','2025-07-19T14:35:24','2025-07-19T14:36:24');
INSERT INTO src_cdb_ordem ("ordem_id","account_id","cliente_id","produto_id","tipo","quantidade","preco_unit","valor_total","status","created_at","updated_at") VALUES (80074,1001,1,201,'COMPRA',9968.38,1.0,9968.38,'CANCELADA','2025-07-19T15:02:24','2025-07-19T15:03:24');
INSERT INTO src_cdb_ordem ("ordem_id","account_id","cliente_id","produto_id","tipo","quantidade","preco_unit","valor_total","status","created_at","updated_at") VALUES (80074,1001,1,201,'COMPRA',9968.38,1.0,9968.38,'PROCESSING','2025-07-19T14:36:24','2025-07-19T14:37:24');
INSERT INTO src_cdb_ordem ("ordem_id","account_id","cliente_id","produto_id","tipo","quantidade","preco_unit","valor_total","status","created_at","updated_at") VALUES (80075,1004,4,201,'COMPRA',2947.07,1.0,2947.07,'PROCESSING','2025-07-19T13:13:50','2025-07-19T13:14:50');
INSERT INTO src_cdb_ordem ("ordem_id","account_id","cliente_id","produto_id","tipo","quantidade","preco_unit","valor_total","status","created_at","updated_at") VALUES (80075,1004,4,201,'COMPRA',2947.07,1.0,2947.07,'REJEITADA','2025-07-19T13:39:50','2025-07-19T13:40:50');
INSERT INTO src_cdb_ordem ("ordem_id","account_id","cliente_id","produto_id","tipo","quantidade","preco_unit","valor_total","status","created_at","updated_at") VALUES (80076,1001,1,201,'VENDA',8286.78,1.0,8286.78,'PROCESSING','2025-07-19T12:31:41','2025-07-19T12:32:41');
INSERT INTO src_cdb_ordem ("ordem_id","account_id","cliente_id","produto_id","tipo","quantidade","preco_unit","valor_total","status","created_at","updated_at") VALUES (80076,1001,1,201,'VENDA',8286.78,1.0,8286.78,'EXECUTADA','2025-07-19T12:49:41','2025-07-19T12:50:41');
INSERT INTO src_cdb_ordem ("ordem_id","account_id","cliente_id","produto_id","tipo","quantidade","preco_unit","valor_total","status","created_at","updated_at") VALUES (80076,1001,1,201,'VENDA',8286.78,1.0,8286.78,'PROCESSING','2025-07-19T12:32:41','2025-07-19T12:33:41');
INSERT INTO src_cdb_ordem ("ordem_id","account_id","cliente_id","produto_id","tipo","quantidade","preco_unit","valor_total","status","created_at","updated_at") VALUES (80077,1004,4,206,'COMPRA',3160.37,1.0,3160.37,'PROCESSING','2025-07-22T11:33:24','2025-07-22T11:34:24');
INSERT INTO src_cdb_ordem ("ordem_id","account_id","cliente_id","produto_id","tipo","quantidade","preco_unit","valor_total","status","created_at","updated_at") VALUES (80077,1004,4,206,'COMPRA',3160.37,1.0,3160.37,'EXECUTADA','2025-07-22T11:57:24','2025-07-22T11:58:24');
INSERT INTO src_cdb_ordem ("ordem_id","account_id","cliente_id","produto_id","tipo","quantidade","preco_unit","valor_total","status","created_at","updated_at") VALUES (80077,1004,4,206,'COMPRA',3160.37,1.0,3160.37,'PROCESSING','2025-07-22T11:34:24','2025-07-22T11:35:24');
INSERT INTO src_cdb_ordem ("ordem_id","account_id","cliente_id","produto_id","tipo","quantidade","preco_unit","valor_total","status","created_at","updated_at") VALUES (80078,1001,1,202,'COMPRA',7704.4,1.0,7704.4,'PROCESSING','2025-07-22T09:04:40','2025-07-22T09:05:40');
INSERT INTO src_cdb_ordem ("ordem_id","account_id","cliente_id","produto_id","tipo","quantidade","preco_unit","valor_total","status","created_at","updated_at") VALUES (80078,1001,1,202,'COMPRA',7704.4,1.0,7704.4,'EXECUTADA','2025-07-22T09:11:40','2025-07-22T09:12:40');
INSERT INTO src_cdb_ordem ("ordem_id","account_id","cliente_id","produto_id","tipo","quantidade","preco_unit","valor_total","status","created_at","updated_at") VALUES (80079,1003,3,206,'VENDA',3125.99,1.0,3125.99,'PROCESSING','2025-07-22T15:46:35','2025-07-22T15:47:35');
INSERT INTO src_cdb_ordem ("ordem_id","account_id","cliente_id","produto_id","tipo","quantidade","preco_unit","valor_total","status","created_at","updated_at") VALUES (80079,1003,3,206,'VENDA',3125.99,1.0,3125.99,'EXECUTADA','2025-07-22T15:59:35','2025-07-22T16:00:35');
INSERT INTO src_cdb_ordem ("ordem_id","account_id","cliente_id","produto_id","tipo","quantidade","preco_unit","valor_total","status","created_at","updated_at") VALUES (80079,1003,3,206,'VENDA',3125.99,1.0,3125.99,'PROCESSING','2025-07-22T15:47:35','2025-07-22T15:48:35');
INSERT INTO src_cdb_ordem ("ordem_id","account_id","cliente_id","produto_id","tipo","quantidade","preco_unit","valor_total","status","created_at","updated_at") VALUES (80080,1004,4,203,'COMPRA',9103.04,1.0,9103.04,'PROCESSING','2025-07-22T20:16:54','2025-07-22T20:17:54');
INSERT INTO src_cdb_ordem ("ordem_id","account_id","cliente_id","produto_id","tipo","quantidade","preco_unit","valor_total","status","created_at","updated_at") VALUES (80080,1004,4,203,'COMPRA',9103.04,1.0,9103.04,'EXECUTADA','2025-07-22T20:34:54','2025-07-22T20:35:54');
INSERT INTO src_cdb_ordem ("ordem_id","account_id","cliente_id","produto_id","tipo","quantidade","preco_unit","valor_total","status","created_at","updated_at") VALUES (80081,1002,2,202,'VENDA',3003.32,1.0,3003.32,'PROCESSING','2025-07-25T11:00:21','2025-07-25T11:01:21');
INSERT INTO src_cdb_ordem ("ordem_id","account_id","cliente_id","produto_id","tipo","quantidade","preco_unit","valor_total","status","created_at","updated_at") VALUES (80081,1002,2,202,'VENDA',3003.32,1.0,3003.32,'EXECUTADA','2025-07-25T11:27:21','2025-07-25T11:28:21');
INSERT INTO src_cdb_ordem ("ordem_id","account_id","cliente_id","produto_id","tipo","quantidade","preco_unit","valor_total","status","created_at","updated_at") VALUES (80082,1002,2,201,'COMPRA',582.06,1.0,582.06,'PROCESSING','2025-07-25T14:36:43','2025-07-25T14:37:43');
INSERT INTO src_cdb_ordem ("ordem_id","account_id","cliente_id","produto_id","tipo","quantidade","preco_unit","valor_total","status","created_at","updated_at") VALUES (80082,1002,2,201,'COMPRA',582.06,1.0,582.06,'EXECUTADA','2025-07-25T15:05:43','2025-07-25T15:06:43');
INSERT INTO src_cdb_ordem ("ordem_id","account_id","cliente_id","produto_id","tipo","quantidade","preco_unit","valor_total","status","created_at","updated_at") VALUES (80082,1002,2,201,'COMPRA',582.06,1.0,582.06,'PROCESSING','2025-07-25T14:37:43','2025-07-25T14:38:43');
INSERT INTO src_cdb_ordem ("ordem_id","account_id","cliente_id","produto_id","tipo","quantidade","preco_unit","valor_total","status","created_at","updated_at") VALUES (80083,1003,3,202,'COMPRA',2226.16,1.0,2226.16,'PROCESSING','2025-07-25T11:59:46','2025-07-25T12:00:46');
INSERT INTO src_cdb_ordem ("ordem_id","account_id","cliente_id","produto_id","tipo","quantidade","preco_unit","valor_total","status","created_at","updated_at") VALUES (80083,1003,3,202,'COMPRA',2226.16,1.0,2226.16,'EXECUTADA','2025-07-25T12:09:46','2025-07-25T12:10:46');
INSERT INTO src_cdb_ordem ("ordem_id","account_id","cliente_id","produto_id","tipo","quantidade","preco_unit","valor_total","status","created_at","updated_at") VALUES (80084,1004,4,206,'COMPRA',8592.45,1.0,8592.45,'PROCESSING','2025-07-25T20:59:46','2025-07-25T21:00:46');
INSERT INTO src_cdb_ordem ("ordem_id","account_id","cliente_id","produto_id","tipo","quantidade","preco_unit","valor_total","status","created_at","updated_at") VALUES (80084,1004,4,206,'COMPRA',8592.45,1.0,8592.45,'EXECUTADA','2025-07-25T21:10:46','2025-07-25T21:11:46');
INSERT INTO src_cdb_ordem ("ordem_id","account_id","cliente_id","produto_id","tipo","quantidade","preco_unit","valor_total","status","created_at","updated_at") VALUES (80085,1003,3,206,'COMPRA',2136.8,1.0,2136.8,'PROCESSING','2025-07-25T10:39:57','2025-07-25T10:40:57');
INSERT INTO src_cdb_ordem ("ordem_id","account_id","cliente_id","produto_id","tipo","quantidade","preco_unit","valor_total","status","created_at","updated_at") VALUES (80085,1003,3,206,'COMPRA',2136.8,1.0,2136.8,'CANCELADA','2025-07-25T10:55:57','2025-07-25T10:56:57');
INSERT INTO src_cdb_ordem ("ordem_id","account_id","cliente_id","produto_id","tipo","quantidade","preco_unit","valor_total","status","created_at","updated_at") VALUES (80086,1002,2,206,'VENDA',8839.6,1.0,8839.6,'PROCESSING','2025-07-28T16:05:57','2025-07-28T16:06:57');
INSERT INTO src_cdb_ordem ("ordem_id","account_id","cliente_id","produto_id","tipo","quantidade","preco_unit","valor_total","status","created_at","updated_at") VALUES (80086,1002,2,206,'VENDA',8839.6,1.0,8839.6,'EXECUTADA','2025-07-28T16:22:57','2025-07-28T16:23:57');
INSERT INTO src_cdb_ordem ("ordem_id","account_id","cliente_id","produto_id","tipo","quantidade","preco_unit","valor_total","status","created_at","updated_at") VALUES (80087,1002,2,201,'COMPRA',386.27,1.0,386.27,'PROCESSING','2025-07-28T09:19:33','2025-07-28T09:20:33');
INSERT INTO src_cdb_ordem ("ordem_id","account_id","cliente_id","produto_id","tipo","quantidade","preco_unit","valor_total","status","created_at","updated_at") VALUES (80087,1002,2,201,'COMPRA',386.27,1.0,386.27,'EXECUTADA','2025-07-28T09:41:33','2025-07-28T09:42:33');
INSERT INTO src_cdb_ordem ("ordem_id","account_id","cliente_id","produto_id","tipo","quantidade","preco_unit","valor_total","status","created_at","updated_at") VALUES (80087,1002,2,201,'COMPRA',386.27,1.0,386.27,'PROCESSING','2025-07-28T09:20:33','2025-07-28T09:21:33');
INSERT INTO src_cdb_ordem ("ordem_id","account_id","cliente_id","produto_id","tipo","quantidade","preco_unit","valor_total","status","created_at","updated_at") VALUES (80088,1001,1,206,'COMPRA',4252.44,1.0,4252.44,'PROCESSING','2025-07-28T18:55:25','2025-07-28T18:56:25');
INSERT INTO src_cdb_ordem ("ordem_id","account_id","cliente_id","produto_id","tipo","quantidade","preco_unit","valor_total","status","created_at","updated_at") VALUES (80088,1001,1,206,'COMPRA',4252.44,1.0,4252.44,'CANCELADA','2025-07-28T19:12:25','2025-07-28T19:13:25');
INSERT INTO src_cdb_ordem ("ordem_id","account_id","cliente_id","produto_id","tipo","quantidade","preco_unit","valor_total","status","created_at","updated_at") VALUES (80089,1002,2,203,'COMPRA',9729.97,1.0,9729.97,'PROCESSING','2025-07-28T13:04:59','2025-07-28T13:05:59');
INSERT INTO src_cdb_ordem ("ordem_id","account_id","cliente_id","produto_id","tipo","quantidade","preco_unit","valor_total","status","created_at","updated_at") VALUES (80089,1002,2,203,'COMPRA',9729.97,1.0,9729.97,'CANCELADA','2025-07-28T13:11:59','2025-07-28T13:12:59');
INSERT INTO src_cdb_ordem ("ordem_id","account_id","cliente_id","produto_id","tipo","quantidade","preco_unit","valor_total","status","created_at","updated_at") VALUES (80090,1003,3,203,'COMPRA',7523.62,1.0,7523.62,'PROCESSING','2025-07-31T14:34:32','2025-07-31T14:35:32');
INSERT INTO src_cdb_ordem ("ordem_id","account_id","cliente_id","produto_id","tipo","quantidade","preco_unit","valor_total","status","created_at","updated_at") VALUES (80090,1003,3,203,'COMPRA',7523.62,1.0,7523.62,'EXECUTADA','2025-07-31T14:38:32','2025-07-31T14:39:32');
INSERT INTO src_cdb_ordem ("ordem_id","account_id","cliente_id","produto_id","tipo","quantidade","preco_unit","valor_total","status","created_at","updated_at") VALUES (80091,1002,2,206,'COMPRA',3125.21,1.0,3125.21,'PROCESSING','2025-07-31T12:42:35','2025-07-31T12:43:35');
INSERT INTO src_cdb_ordem ("ordem_id","account_id","cliente_id","produto_id","tipo","quantidade","preco_unit","valor_total","status","created_at","updated_at") VALUES (80091,1002,2,206,'COMPRA',3125.21,1.0,3125.21,'EXECUTADA','2025-07-31T13:08:35','2025-07-31T13:09:35');
INSERT INTO src_cdb_ordem ("ordem_id","account_id","cliente_id","produto_id","tipo","quantidade","preco_unit","valor_total","status","created_at","updated_at") VALUES (80091,1002,2,206,'COMPRA',3125.21,1.0,3125.21,'PROCESSING','2025-07-31T12:43:35','2025-07-31T12:44:35');
INSERT INTO src_cdb_ordem ("ordem_id","account_id","cliente_id","produto_id","tipo","quantidade","preco_unit","valor_total","status","created_at","updated_at") VALUES (80092,1003,3,203,'COMPRA',7530.83,1.0,7530.83,'PROCESSING','2025-07-31T17:26:48','2025-07-31T17:27:48');
INSERT INTO src_cdb_ordem ("ordem_id","account_id","cliente_id","produto_id","tipo","quantidade","preco_unit","valor_total","status","created_at","updated_at") VALUES (80092,1003,3,203,'COMPRA',7530.83,1.0,7530.83,'EXECUTADA','2025-07-31T17:56:48','2025-07-31T17:57:48');
INSERT INTO src_cdb_ordem ("ordem_id","account_id","cliente_id","produto_id","tipo","quantidade","preco_unit","valor_total","status","created_at","updated_at") VALUES (80093,1003,3,202,'COMPRA',9775.29,1.0,9775.29,'PROCESSING','2025-07-31T17:57:10','2025-07-31T17:58:10');
INSERT INTO src_cdb_ordem ("ordem_id","account_id","cliente_id","produto_id","tipo","quantidade","preco_unit","valor_total","status","created_at","updated_at") VALUES (80093,1003,3,202,'COMPRA',9775.29,1.0,9775.29,'EXECUTADA','2025-07-31T18:22:10','2025-07-31T18:23:10');
INSERT INTO src_cdb_ordem ("ordem_id","account_id","cliente_id","produto_id","tipo","quantidade","preco_unit","valor_total","status","created_at","updated_at") VALUES (80093,1003,3,202,'COMPRA',9775.29,1.0,9775.29,'PROCESSING','2025-07-31T17:58:10','2025-07-31T17:59:10');
INSERT INTO src_cdb_ordem ("ordem_id","account_id","cliente_id","produto_id","tipo","quantidade","preco_unit","valor_total","status","created_at","updated_at") VALUES (80094,1004,4,206,'COMPRA',2922.77,1.0,2922.77,'PROCESSING','2025-07-31T17:16:05','2025-07-31T17:17:05');
INSERT INTO src_cdb_ordem ("ordem_id","account_id","cliente_id","produto_id","tipo","quantidade","preco_unit","valor_total","status","created_at","updated_at") VALUES (80094,1004,4,206,'COMPRA',2922.77,1.0,2922.77,'CANCELADA','2025-07-31T17:38:05','2025-07-31T17:39:05');
INSERT INTO src_cdb_ordem ("ordem_id","account_id","cliente_id","produto_id","tipo","quantidade","preco_unit","valor_total","status","created_at","updated_at") VALUES (80095,1003,3,201,'COMPRA',5516.83,1.0,5516.83,'PROCESSING','2025-08-03T20:00:32','2025-08-03T20:01:32');
INSERT INTO src_cdb_ordem ("ordem_id","account_id","cliente_id","produto_id","tipo","quantidade","preco_unit","valor_total","status","created_at","updated_at") VALUES (80095,1003,3,201,'COMPRA',5516.83,1.0,5516.83,'EXECUTADA','2025-08-03T20:18:32','2025-08-03T20:19:32');
INSERT INTO src_cdb_ordem ("ordem_id","account_id","cliente_id","produto_id","tipo","quantidade","preco_unit","valor_total","status","created_at","updated_at") VALUES (80096,1002,2,206,'COMPRA',9966.5,1.0,9966.5,'PROCESSING','2025-08-03T19:25:16','2025-08-03T19:26:16');
INSERT INTO src_cdb_ordem ("ordem_id","account_id","cliente_id","produto_id","tipo","quantidade","preco_unit","valor_total","status","created_at","updated_at") VALUES (80096,1002,2,206,'COMPRA',9966.5,1.0,9966.5,'EXECUTADA','2025-08-03T19:32:16','2025-08-03T19:33:16');
INSERT INTO src_cdb_ordem ("ordem_id","account_id","cliente_id","produto_id","tipo","quantidade","preco_unit","valor_total","status","created_at","updated_at") VALUES (80097,1001,1,203,'VENDA',4353.08,1.0,4353.08,'PROCESSING','2025-08-03T19:42:16','2025-08-03T19:43:16');
INSERT INTO src_cdb_ordem ("ordem_id","account_id","cliente_id","produto_id","tipo","quantidade","preco_unit","valor_total","status","created_at","updated_at") VALUES (80097,1001,1,203,'VENDA',4353.08,1.0,4353.08,'REJEITADA','2025-08-03T20:04:16','2025-08-03T20:05:16');
INSERT INTO src_cdb_ordem ("ordem_id","account_id","cliente_id","produto_id","tipo","quantidade","preco_unit","valor_total","status","created_at","updated_at") VALUES (80098,1004,4,203,'COMPRA',8969.19,1.0,8969.19,'PROCESSING','2025-08-06T09:42:23','2025-08-06T09:43:23');
INSERT INTO src_cdb_ordem ("ordem_id","account_id","cliente_id","produto_id","tipo","quantidade","preco_unit","valor_total","status","created_at","updated_at") VALUES (80098,1004,4,203,'COMPRA',8969.19,1.0,8969.19,'EXECUTADA','2025-08-06T09:54:23','2025-08-06T09:55:23');
INSERT INTO src_cdb_ordem ("ordem_id","account_id","cliente_id","produto_id","tipo","quantidade","preco_unit","valor_total","status","created_at","updated_at") VALUES (80099,1001,1,203,'COMPRA',9580.83,1.0,9580.83,'PROCESSING','2025-08-06T12:55:11','2025-08-06T12:56:11');
INSERT INTO src_cdb_ordem ("ordem_id","account_id","cliente_id","produto_id","tipo","quantidade","preco_unit","valor_total","status","created_at","updated_at") VALUES (80099,1001,1,203,'COMPRA',9580.83,1.0,9580.83,'EXECUTADA','2025-08-06T13:17:11','2025-08-06T13:18:11');
INSERT INTO src_cdb_ordem ("ordem_id","account_id","cliente_id","produto_id","tipo","quantidade","preco_unit","valor_total","status","created_at","updated_at") VALUES (80100,1002,2,202,'COMPRA',1975.25,1.0,1975.25,'PROCESSING','2025-08-06T18:33:46','2025-08-06T18:34:46');
INSERT INTO src_cdb_ordem ("ordem_id","account_id","cliente_id","produto_id","tipo","quantidade","preco_unit","valor_total","status","created_at","updated_at") VALUES (80100,1002,2,202,'COMPRA',1975.25,1.0,1975.25,'CANCELADA','2025-08-06T18:54:46','2025-08-06T18:55:46');
INSERT INTO src_cdb_ordem ("ordem_id","account_id","cliente_id","produto_id","tipo","quantidade","preco_unit","valor_total","status","created_at","updated_at") VALUES (80100,1002,2,202,'COMPRA',1975.25,1.0,1975.25,'PROCESSING','2025-08-06T18:34:46','2025-08-06T18:35:46');
INSERT INTO src_cdb_ordem ("ordem_id","account_id","cliente_id","produto_id","tipo","quantidade","preco_unit","valor_total","status","created_at","updated_at") VALUES (80101,1001,1,206,'VENDA',5812.85,1.0,5812.85,'PROCESSING','2025-08-06T11:10:25','2025-08-06T11:11:25');
INSERT INTO src_cdb_ordem ("ordem_id","account_id","cliente_id","produto_id","tipo","quantidade","preco_unit","valor_total","status","created_at","updated_at") VALUES (80101,1001,1,206,'VENDA',5812.85,1.0,5812.85,'EXECUTADA','2025-08-06T11:21:25','2025-08-06T11:22:25');
INSERT INTO src_cdb_ordem ("ordem_id","account_id","cliente_id","produto_id","tipo","quantidade","preco_unit","valor_total","status","created_at","updated_at") VALUES (80102,1001,1,202,'COMPRA',9383.44,1.0,9383.44,'PROCESSING','2025-08-06T15:41:40','2025-08-06T15:42:40');
INSERT INTO src_cdb_ordem ("ordem_id","account_id","cliente_id","produto_id","tipo","quantidade","preco_unit","valor_total","status","created_at","updated_at") VALUES (80102,1001,1,202,'COMPRA',9383.44,1.0,9383.44,'EXECUTADA','2025-08-06T15:55:40','2025-08-06T15:56:40');
INSERT INTO src_cdb_ordem ("ordem_id","account_id","cliente_id","produto_id","tipo","quantidade","preco_unit","valor_total","status","created_at","updated_at") VALUES (80103,1004,4,203,'COMPRA',6796.48,1.0,6796.48,'PROCESSING','2025-08-06T19:32:53','2025-08-06T19:33:53');
INSERT INTO src_cdb_ordem ("ordem_id","account_id","cliente_id","produto_id","tipo","quantidade","preco_unit","valor_total","status","created_at","updated_at") VALUES (80103,1004,4,203,'COMPRA',6796.48,1.0,6796.48,'EXECUTADA','2025-08-06T19:37:53','2025-08-06T19:38:53');
INSERT INTO src_cdb_ordem ("ordem_id","account_id","cliente_id","produto_id","tipo","quantidade","preco_unit","valor_total","status","created_at","updated_at") VALUES (80104,1001,1,206,'VENDA',3569.64,1.0,3569.64,'PROCESSING','2025-08-09T15:50:46','2025-08-09T15:51:46');
INSERT INTO src_cdb_ordem ("ordem_id","account_id","cliente_id","produto_id","tipo","quantidade","preco_unit","valor_total","status","created_at","updated_at") VALUES (80104,1001,1,206,'VENDA',3569.64,1.0,3569.64,'EXECUTADA','2025-08-09T15:54:46','2025-08-09T15:55:46');
INSERT INTO src_cdb_ordem ("ordem_id","account_id","cliente_id","produto_id","tipo","quantidade","preco_unit","valor_total","status","created_at","updated_at") VALUES (80105,1004,4,201,'COMPRA',9761.29,1.0,9761.29,'PROCESSING','2025-08-09T17:36:16','2025-08-09T17:37:16');
INSERT INTO src_cdb_ordem ("ordem_id","account_id","cliente_id","produto_id","tipo","quantidade","preco_unit","valor_total","status","created_at","updated_at") VALUES (80105,1004,4,201,'COMPRA',9761.29,1.0,9761.29,'EXECUTADA','2025-08-09T17:54:16','2025-08-09T17:55:16');
INSERT INTO src_cdb_ordem ("ordem_id","account_id","cliente_id","produto_id","tipo","quantidade","preco_unit","valor_total","status","created_at","updated_at") VALUES (80106,1003,3,201,'COMPRA',4294.93,1.0,4294.93,'PROCESSING','2025-08-09T16:52:30','2025-08-09T16:53:30');
INSERT INTO src_cdb_ordem ("ordem_id","account_id","cliente_id","produto_id","tipo","quantidade","preco_unit","valor_total","status","created_at","updated_at") VALUES (80106,1003,3,201,'COMPRA',4294.93,1.0,4294.93,'EXECUTADA','2025-08-09T17:22:30','2025-08-09T17:23:30');
INSERT INTO src_cdb_ordem ("ordem_id","account_id","cliente_id","produto_id","tipo","quantidade","preco_unit","valor_total","status","created_at","updated_at") VALUES (80107,1004,4,202,'COMPRA',825.09,1.0,825.09,'PROCESSING','2025-08-12T20:45:36','2025-08-12T20:46:36');
INSERT INTO src_cdb_ordem ("ordem_id","account_id","cliente_id","produto_id","tipo","quantidade","preco_unit","valor_total","status","created_at","updated_at") VALUES (80107,1004,4,202,'COMPRA',825.09,1.0,825.09,'EXECUTADA','2025-08-12T21:02:36','2025-08-12T21:03:36');
INSERT INTO src_cdb_ordem ("ordem_id","account_id","cliente_id","produto_id","tipo","quantidade","preco_unit","valor_total","status","created_at","updated_at") VALUES (80108,1004,4,202,'COMPRA',9261.67,1.0,9261.67,'PROCESSING','2025-08-12T15:24:57','2025-08-12T15:25:57');
INSERT INTO src_cdb_ordem ("ordem_id","account_id","cliente_id","produto_id","tipo","quantidade","preco_unit","valor_total","status","created_at","updated_at") VALUES (80108,1004,4,202,'COMPRA',9261.67,1.0,9261.67,'EXECUTADA','2025-08-12T15:54:57','2025-08-12T15:55:57');
INSERT INTO src_cdb_ordem ("ordem_id","account_id","cliente_id","produto_id","tipo","quantidade","preco_unit","valor_total","status","created_at","updated_at") VALUES (80109,1002,2,203,'COMPRA',7944.98,1.0,7944.98,'PROCESSING','2025-08-12T13:43:28','2025-08-12T13:44:28');
INSERT INTO src_cdb_ordem ("ordem_id","account_id","cliente_id","produto_id","tipo","quantidade","preco_unit","valor_total","status","created_at","updated_at") VALUES (80109,1002,2,203,'COMPRA',7944.98,1.0,7944.98,'EXECUTADA','2025-08-12T14:05:28','2025-08-12T14:06:28');
INSERT INTO src_cdb_ordem ("ordem_id","account_id","cliente_id","produto_id","tipo","quantidade","preco_unit","valor_total","status","created_at","updated_at") VALUES (80109,1002,2,203,'COMPRA',7944.98,1.0,7944.98,'PROCESSING','2025-08-12T13:44:28','2025-08-12T13:45:28');
INSERT INTO src_cdb_ordem ("ordem_id","account_id","cliente_id","produto_id","tipo","quantidade","preco_unit","valor_total","status","created_at","updated_at") VALUES (80110,1001,1,201,'VENDA',9484.62,1.0,9484.62,'PROCESSING','2025-08-15T16:20:50','2025-08-15T16:21:50');
INSERT INTO src_cdb_ordem ("ordem_id","account_id","cliente_id","produto_id","tipo","quantidade","preco_unit","valor_total","status","created_at","updated_at") VALUES (80110,1001,1,201,'VENDA',9484.62,1.0,9484.62,'CANCELADA','2025-08-15T16:35:50','2025-08-15T16:36:50');
INSERT INTO src_cdb_ordem ("ordem_id","account_id","cliente_id","produto_id","tipo","quantidade","preco_unit","valor_total","status","created_at","updated_at") VALUES (80111,1002,2,203,'COMPRA',8538.76,1.0,8538.76,'PROCESSING','2025-08-15T11:34:47','2025-08-15T11:35:47');
INSERT INTO src_cdb_ordem ("ordem_id","account_id","cliente_id","produto_id","tipo","quantidade","preco_unit","valor_total","status","created_at","updated_at") VALUES (80111,1002,2,203,'COMPRA',8538.76,1.0,8538.76,'CANCELADA','2025-08-15T11:42:47','2025-08-15T11:43:47');
INSERT INTO src_cdb_ordem ("ordem_id","account_id","cliente_id","produto_id","tipo","quantidade","preco_unit","valor_total","status","created_at","updated_at") VALUES (80112,1004,4,206,'COMPRA',9064.28,1.0,9064.28,'PROCESSING','2025-08-15T11:05:51','2025-08-15T11:06:51');
INSERT INTO src_cdb_ordem ("ordem_id","account_id","cliente_id","produto_id","tipo","quantidade","preco_unit","valor_total","status","created_at","updated_at") VALUES (80112,1004,4,206,'COMPRA',9064.28,1.0,9064.28,'EXECUTADA','2025-08-15T11:29:51','2025-08-15T11:30:51');
INSERT INTO src_cdb_ordem ("ordem_id","account_id","cliente_id","produto_id","tipo","quantidade","preco_unit","valor_total","status","created_at","updated_at") VALUES (80113,1004,4,202,'COMPRA',2501.91,1.0,2501.91,'PROCESSING','2025-08-15T13:52:13','2025-08-15T13:53:13');
INSERT INTO src_cdb_ordem ("ordem_id","account_id","cliente_id","produto_id","tipo","quantidade","preco_unit","valor_total","status","created_at","updated_at") VALUES (80113,1004,4,202,'COMPRA',2501.91,1.0,2501.91,'EXECUTADA','2025-08-15T14:14:13','2025-08-15T14:15:13');
INSERT INTO src_cdb_ordem ("ordem_id","account_id","cliente_id","produto_id","tipo","quantidade","preco_unit","valor_total","status","created_at","updated_at") VALUES (80114,1001,1,203,'COMPRA',6099.1,1.0,6099.1,'PROCESSING','2025-08-15T20:12:36','2025-08-15T20:13:36');
INSERT INTO src_cdb_ordem ("ordem_id","account_id","cliente_id","produto_id","tipo","quantidade","preco_unit","valor_total","status","created_at","updated_at") VALUES (80114,1001,1,203,'COMPRA',6099.1,1.0,6099.1,'EXECUTADA','2025-08-15T20:26:36','2025-08-15T20:27:36');
INSERT INTO src_cdb_ordem ("ordem_id","account_id","cliente_id","produto_id","tipo","quantidade","preco_unit","valor_total","status","created_at","updated_at") VALUES (80115,1003,3,201,'COMPRA',8386.43,1.0,8386.43,'PROCESSING','2025-08-18T12:58:31','2025-08-18T12:59:31');
INSERT INTO src_cdb_ordem ("ordem_id","account_id","cliente_id","produto_id","tipo","quantidade","preco_unit","valor_total","status","created_at","updated_at") VALUES (80115,1003,3,201,'COMPRA',8386.43,1.0,8386.43,'CANCELADA','2025-08-18T13:13:31','2025-08-18T13:14:31');
INSERT INTO src_cdb_ordem ("ordem_id","account_id","cliente_id","produto_id","tipo","quantidade","preco_unit","valor_total","status","created_at","updated_at") VALUES (80116,1003,3,206,'COMPRA',2942.41,1.0,2942.41,'PROCESSING','2025-08-18T09:34:57','2025-08-18T09:35:57');
INSERT INTO src_cdb_ordem ("ordem_id","account_id","cliente_id","produto_id","tipo","quantidade","preco_unit","valor_total","status","created_at","updated_at") VALUES (80116,1003,3,206,'COMPRA',2942.41,1.0,2942.41,'EXECUTADA','2025-08-18T09:51:57','2025-08-18T09:52:57');
INSERT INTO src_cdb_ordem ("ordem_id","account_id","cliente_id","produto_id","tipo","quantidade","preco_unit","valor_total","status","created_at","updated_at") VALUES (80117,1004,4,203,'VENDA',4800.0,1.0,4800.0,'PROCESSING','2025-08-18T10:37:54','2025-08-18T10:38:54');
INSERT INTO src_cdb_ordem ("ordem_id","account_id","cliente_id","produto_id","tipo","quantidade","preco_unit","valor_total","status","created_at","updated_at") VALUES (80117,1004,4,203,'VENDA',4800.0,1.0,4800.0,'EXECUTADA','2025-08-18T10:59:54','2025-08-18T11:00:54');
INSERT INTO src_cdb_ordem ("ordem_id","account_id","cliente_id","produto_id","tipo","quantidade","preco_unit","valor_total","status","created_at","updated_at") VALUES (80118,1003,3,203,'COMPRA',705.91,1.0,705.91,'PROCESSING','2025-08-21T18:57:10','2025-08-21T18:58:10');
INSERT INTO src_cdb_ordem ("ordem_id","account_id","cliente_id","produto_id","tipo","quantidade","preco_unit","valor_total","status","created_at","updated_at") VALUES (80118,1003,3,203,'COMPRA',705.91,1.0,705.91,'EXECUTADA','2025-08-21T19:25:10','2025-08-21T19:26:10');
INSERT INTO src_cdb_ordem ("ordem_id","account_id","cliente_id","produto_id","tipo","quantidade","preco_unit","valor_total","status","created_at","updated_at") VALUES (80119,1002,2,206,'COMPRA',2483.88,1.0,2483.88,'PROCESSING','2025-08-21T09:05:16','2025-08-21T09:06:16');
INSERT INTO src_cdb_ordem ("ordem_id","account_id","cliente_id","produto_id","tipo","quantidade","preco_unit","valor_total","status","created_at","updated_at") VALUES (80119,1002,2,206,'COMPRA',2483.88,1.0,2483.88,'EXECUTADA','2025-08-21T09:27:16','2025-08-21T09:28:16');
INSERT INTO src_cdb_ordem ("ordem_id","account_id","cliente_id","produto_id","tipo","quantidade","preco_unit","valor_total","status","created_at","updated_at") VALUES (80120,1003,3,206,'COMPRA',7904.16,1.0,7904.16,'PROCESSING','2025-08-21T13:04:31','2025-08-21T13:05:31');
INSERT INTO src_cdb_ordem ("ordem_id","account_id","cliente_id","produto_id","tipo","quantidade","preco_unit","valor_total","status","created_at","updated_at") VALUES (80120,1003,3,206,'COMPRA',7904.16,1.0,7904.16,'REJEITADA','2025-08-21T13:29:31','2025-08-21T13:30:31');
INSERT INTO src_cdb_ordem ("ordem_id","account_id","cliente_id","produto_id","tipo","quantidade","preco_unit","valor_total","status","created_at","updated_at") VALUES (80121,1002,2,203,'COMPRA',1821.78,1.0,1821.78,'PROCESSING','2025-08-21T16:45:41','2025-08-21T16:46:41');
INSERT INTO src_cdb_ordem ("ordem_id","account_id","cliente_id","produto_id","tipo","quantidade","preco_unit","valor_total","status","created_at","updated_at") VALUES (80121,1002,2,203,'COMPRA',1821.78,1.0,1821.78,'EXECUTADA','2025-08-21T16:59:41','2025-08-21T17:00:41');
INSERT INTO src_cdb_ordem ("ordem_id","account_id","cliente_id","produto_id","tipo","quantidade","preco_unit","valor_total","status","created_at","updated_at") VALUES (80122,1002,2,201,'COMPRA',4956.23,1.0,4956.23,'PROCESSING','2025-08-21T13:58:04','2025-08-21T13:59:04');
INSERT INTO src_cdb_ordem ("ordem_id","account_id","cliente_id","produto_id","tipo","quantidade","preco_unit","valor_total","status","created_at","updated_at") VALUES (80122,1002,2,201,'COMPRA',4956.23,1.0,4956.23,'EXECUTADA','2025-08-21T14:08:04','2025-08-21T14:09:04');
INSERT INTO src_cdb_ordem ("ordem_id","account_id","cliente_id","produto_id","tipo","quantidade","preco_unit","valor_total","status","created_at","updated_at") VALUES (80123,1002,2,206,'VENDA',6457.91,1.0,6457.91,'PROCESSING','2025-08-24T12:12:23','2025-08-24T12:13:23');
INSERT INTO src_cdb_ordem ("ordem_id","account_id","cliente_id","produto_id","tipo","quantidade","preco_unit","valor_total","status","created_at","updated_at") VALUES (80123,1002,2,206,'VENDA',6457.91,1.0,6457.91,'CANCELADA','2025-08-24T12:24:23','2025-08-24T12:25:23');
INSERT INTO src_cdb_ordem ("ordem_id","account_id","cliente_id","produto_id","tipo","quantidade","preco_unit","valor_total","status","created_at","updated_at") VALUES (80123,1002,2,206,'VENDA',6457.91,1.0,6457.91,'PROCESSING','2025-08-24T12:13:23','2025-08-24T12:14:23');
INSERT INTO src_cdb_ordem ("ordem_id","account_id","cliente_id","produto_id","tipo","quantidade","preco_unit","valor_total","status","created_at","updated_at") VALUES (80124,1002,2,202,'COMPRA',3042.36,1.0,3042.36,'PROCESSING','2025-08-24T19:17:19','2025-08-24T19:18:19');
INSERT INTO src_cdb_ordem ("ordem_id","account_id","cliente_id","produto_id","tipo","quantidade","preco_unit","valor_total","status","created_at","updated_at") VALUES (80124,1002,2,202,'COMPRA',3042.36,1.0,3042.36,'EXECUTADA','2025-08-24T19:30:19','2025-08-24T19:31:19');
INSERT INTO src_cdb_ordem ("ordem_id","account_id","cliente_id","produto_id","tipo","quantidade","preco_unit","valor_total","status","created_at","updated_at") VALUES (80124,1002,2,202,'COMPRA',3042.36,1.0,3042.36,'PROCESSING','2025-08-24T19:18:19','2025-08-24T19:19:19');
INSERT INTO src_cdb_ordem ("ordem_id","account_id","cliente_id","produto_id","tipo","quantidade","preco_unit","valor_total","status","created_at","updated_at") VALUES (80125,1002,2,203,'VENDA',618.98,1.0,618.98,'PROCESSING','2025-08-24T13:15:33','2025-08-24T13:16:33');
INSERT INTO src_cdb_ordem ("ordem_id","account_id","cliente_id","produto_id","tipo","quantidade","preco_unit","valor_total","status","created_at","updated_at") VALUES (80125,1002,2,203,'VENDA',618.98,1.0,618.98,'EXECUTADA','2025-08-24T13:34:33','2025-08-24T13:35:33');
INSERT INTO src_cdb_ordem ("ordem_id","account_id","cliente_id","produto_id","tipo","quantidade","preco_unit","valor_total","status","created_at","updated_at") VALUES (80126,1004,4,202,'COMPRA',3351.55,1.0,3351.55,'PROCESSING','2025-08-24T11:35:00','2025-08-24T11:36:00');
INSERT INTO src_cdb_ordem ("ordem_id","account_id","cliente_id","produto_id","tipo","quantidade","preco_unit","valor_total","status","created_at","updated_at") VALUES (80126,1004,4,202,'COMPRA',3351.55,1.0,3351.55,'EXECUTADA','2025-08-24T11:38:00','2025-08-24T11:39:00');

-- Table: dwh_dim_tempo
CREATE TABLE dwh_dim_tempo (
  dt_id         INTEGER PRIMARY KEY,
  data          TEXT NOT NULL,
  ano           INTEGER NOT NULL,
  mes           INTEGER NOT NULL,
  dia           INTEGER NOT NULL,
  nome_mes      TEXT NOT NULL,
  dia_da_semana INTEGER NOT NULL
);

INSERT INTO dwh_dim_tempo ("dt_id","data","ano","mes","dia","nome_mes","dia_da_semana") VALUES (20250601,'2025-06-01',2025,6,1,'junho',7);
INSERT INTO dwh_dim_tempo ("dt_id","data","ano","mes","dia","nome_mes","dia_da_semana") VALUES (20250602,'2025-06-02',2025,6,2,'junho',1);
INSERT INTO dwh_dim_tempo ("dt_id","data","ano","mes","dia","nome_mes","dia_da_semana") VALUES (20250603,'2025-06-03',2025,6,3,'junho',2);
INSERT INTO dwh_dim_tempo ("dt_id","data","ano","mes","dia","nome_mes","dia_da_semana") VALUES (20250604,'2025-06-04',2025,6,4,'junho',3);
INSERT INTO dwh_dim_tempo ("dt_id","data","ano","mes","dia","nome_mes","dia_da_semana") VALUES (20250605,'2025-06-05',2025,6,5,'junho',4);
INSERT INTO dwh_dim_tempo ("dt_id","data","ano","mes","dia","nome_mes","dia_da_semana") VALUES (20250606,'2025-06-06',2025,6,6,'junho',5);
INSERT INTO dwh_dim_tempo ("dt_id","data","ano","mes","dia","nome_mes","dia_da_semana") VALUES (20250607,'2025-06-07',2025,6,7,'junho',6);
INSERT INTO dwh_dim_tempo ("dt_id","data","ano","mes","dia","nome_mes","dia_da_semana") VALUES (20250608,'2025-06-08',2025,6,8,'junho',7);
INSERT INTO dwh_dim_tempo ("dt_id","data","ano","mes","dia","nome_mes","dia_da_semana") VALUES (20250609,'2025-06-09',2025,6,9,'junho',1);
INSERT INTO dwh_dim_tempo ("dt_id","data","ano","mes","dia","nome_mes","dia_da_semana") VALUES (20250610,'2025-06-10',2025,6,10,'junho',2);
INSERT INTO dwh_dim_tempo ("dt_id","data","ano","mes","dia","nome_mes","dia_da_semana") VALUES (20250611,'2025-06-11',2025,6,11,'junho',3);
INSERT INTO dwh_dim_tempo ("dt_id","data","ano","mes","dia","nome_mes","dia_da_semana") VALUES (20250612,'2025-06-12',2025,6,12,'junho',4);
INSERT INTO dwh_dim_tempo ("dt_id","data","ano","mes","dia","nome_mes","dia_da_semana") VALUES (20250613,'2025-06-13',2025,6,13,'junho',5);
INSERT INTO dwh_dim_tempo ("dt_id","data","ano","mes","dia","nome_mes","dia_da_semana") VALUES (20250614,'2025-06-14',2025,6,14,'junho',6);
INSERT INTO dwh_dim_tempo ("dt_id","data","ano","mes","dia","nome_mes","dia_da_semana") VALUES (20250615,'2025-06-15',2025,6,15,'junho',7);
INSERT INTO dwh_dim_tempo ("dt_id","data","ano","mes","dia","nome_mes","dia_da_semana") VALUES (20250616,'2025-06-16',2025,6,16,'junho',1);
INSERT INTO dwh_dim_tempo ("dt_id","data","ano","mes","dia","nome_mes","dia_da_semana") VALUES (20250617,'2025-06-17',2025,6,17,'junho',2);
INSERT INTO dwh_dim_tempo ("dt_id","data","ano","mes","dia","nome_mes","dia_da_semana") VALUES (20250618,'2025-06-18',2025,6,18,'junho',3);
INSERT INTO dwh_dim_tempo ("dt_id","data","ano","mes","dia","nome_mes","dia_da_semana") VALUES (20250619,'2025-06-19',2025,6,19,'junho',4);
INSERT INTO dwh_dim_tempo ("dt_id","data","ano","mes","dia","nome_mes","dia_da_semana") VALUES (20250620,'2025-06-20',2025,6,20,'junho',5);
INSERT INTO dwh_dim_tempo ("dt_id","data","ano","mes","dia","nome_mes","dia_da_semana") VALUES (20250621,'2025-06-21',2025,6,21,'junho',6);
INSERT INTO dwh_dim_tempo ("dt_id","data","ano","mes","dia","nome_mes","dia_da_semana") VALUES (20250622,'2025-06-22',2025,6,22,'junho',7);
INSERT INTO dwh_dim_tempo ("dt_id","data","ano","mes","dia","nome_mes","dia_da_semana") VALUES (20250623,'2025-06-23',2025,6,23,'junho',1);
INSERT INTO dwh_dim_tempo ("dt_id","data","ano","mes","dia","nome_mes","dia_da_semana") VALUES (20250624,'2025-06-24',2025,6,24,'junho',2);
INSERT INTO dwh_dim_tempo ("dt_id","data","ano","mes","dia","nome_mes","dia_da_semana") VALUES (20250625,'2025-06-25',2025,6,25,'junho',3);
INSERT INTO dwh_dim_tempo ("dt_id","data","ano","mes","dia","nome_mes","dia_da_semana") VALUES (20250626,'2025-06-26',2025,6,26,'junho',4);
INSERT INTO dwh_dim_tempo ("dt_id","data","ano","mes","dia","nome_mes","dia_da_semana") VALUES (20250627,'2025-06-27',2025,6,27,'junho',5);
INSERT INTO dwh_dim_tempo ("dt_id","data","ano","mes","dia","nome_mes","dia_da_semana") VALUES (20250628,'2025-06-28',2025,6,28,'junho',6);
INSERT INTO dwh_dim_tempo ("dt_id","data","ano","mes","dia","nome_mes","dia_da_semana") VALUES (20250629,'2025-06-29',2025,6,29,'junho',7);
INSERT INTO dwh_dim_tempo ("dt_id","data","ano","mes","dia","nome_mes","dia_da_semana") VALUES (20250630,'2025-06-30',2025,6,30,'junho',1);
INSERT INTO dwh_dim_tempo ("dt_id","data","ano","mes","dia","nome_mes","dia_da_semana") VALUES (20250701,'2025-07-01',2025,7,1,'julho',2);
INSERT INTO dwh_dim_tempo ("dt_id","data","ano","mes","dia","nome_mes","dia_da_semana") VALUES (20250702,'2025-07-02',2025,7,2,'julho',3);
INSERT INTO dwh_dim_tempo ("dt_id","data","ano","mes","dia","nome_mes","dia_da_semana") VALUES (20250703,'2025-07-03',2025,7,3,'julho',4);
INSERT INTO dwh_dim_tempo ("dt_id","data","ano","mes","dia","nome_mes","dia_da_semana") VALUES (20250704,'2025-07-04',2025,7,4,'julho',5);
INSERT INTO dwh_dim_tempo ("dt_id","data","ano","mes","dia","nome_mes","dia_da_semana") VALUES (20250705,'2025-07-05',2025,7,5,'julho',6);
INSERT INTO dwh_dim_tempo ("dt_id","data","ano","mes","dia","nome_mes","dia_da_semana") VALUES (20250706,'2025-07-06',2025,7,6,'julho',7);
INSERT INTO dwh_dim_tempo ("dt_id","data","ano","mes","dia","nome_mes","dia_da_semana") VALUES (20250707,'2025-07-07',2025,7,7,'julho',1);
INSERT INTO dwh_dim_tempo ("dt_id","data","ano","mes","dia","nome_mes","dia_da_semana") VALUES (20250708,'2025-07-08',2025,7,8,'julho',2);
INSERT INTO dwh_dim_tempo ("dt_id","data","ano","mes","dia","nome_mes","dia_da_semana") VALUES (20250709,'2025-07-09',2025,7,9,'julho',3);
INSERT INTO dwh_dim_tempo ("dt_id","data","ano","mes","dia","nome_mes","dia_da_semana") VALUES (20250710,'2025-07-10',2025,7,10,'julho',4);
INSERT INTO dwh_dim_tempo ("dt_id","data","ano","mes","dia","nome_mes","dia_da_semana") VALUES (20250711,'2025-07-11',2025,7,11,'julho',5);
INSERT INTO dwh_dim_tempo ("dt_id","data","ano","mes","dia","nome_mes","dia_da_semana") VALUES (20250712,'2025-07-12',2025,7,12,'julho',6);
INSERT INTO dwh_dim_tempo ("dt_id","data","ano","mes","dia","nome_mes","dia_da_semana") VALUES (20250713,'2025-07-13',2025,7,13,'julho',7);
INSERT INTO dwh_dim_tempo ("dt_id","data","ano","mes","dia","nome_mes","dia_da_semana") VALUES (20250714,'2025-07-14',2025,7,14,'julho',1);
INSERT INTO dwh_dim_tempo ("dt_id","data","ano","mes","dia","nome_mes","dia_da_semana") VALUES (20250715,'2025-07-15',2025,7,15,'julho',2);
INSERT INTO dwh_dim_tempo ("dt_id","data","ano","mes","dia","nome_mes","dia_da_semana") VALUES (20250716,'2025-07-16',2025,7,16,'julho',3);
INSERT INTO dwh_dim_tempo ("dt_id","data","ano","mes","dia","nome_mes","dia_da_semana") VALUES (20250717,'2025-07-17',2025,7,17,'julho',4);
INSERT INTO dwh_dim_tempo ("dt_id","data","ano","mes","dia","nome_mes","dia_da_semana") VALUES (20250718,'2025-07-18',2025,7,18,'julho',5);
INSERT INTO dwh_dim_tempo ("dt_id","data","ano","mes","dia","nome_mes","dia_da_semana") VALUES (20250719,'2025-07-19',2025,7,19,'julho',6);
INSERT INTO dwh_dim_tempo ("dt_id","data","ano","mes","dia","nome_mes","dia_da_semana") VALUES (20250720,'2025-07-20',2025,7,20,'julho',7);
INSERT INTO dwh_dim_tempo ("dt_id","data","ano","mes","dia","nome_mes","dia_da_semana") VALUES (20250721,'2025-07-21',2025,7,21,'julho',1);
INSERT INTO dwh_dim_tempo ("dt_id","data","ano","mes","dia","nome_mes","dia_da_semana") VALUES (20250722,'2025-07-22',2025,7,22,'julho',2);
INSERT INTO dwh_dim_tempo ("dt_id","data","ano","mes","dia","nome_mes","dia_da_semana") VALUES (20250723,'2025-07-23',2025,7,23,'julho',3);
INSERT INTO dwh_dim_tempo ("dt_id","data","ano","mes","dia","nome_mes","dia_da_semana") VALUES (20250724,'2025-07-24',2025,7,24,'julho',4);
INSERT INTO dwh_dim_tempo ("dt_id","data","ano","mes","dia","nome_mes","dia_da_semana") VALUES (20250725,'2025-07-25',2025,7,25,'julho',5);
INSERT INTO dwh_dim_tempo ("dt_id","data","ano","mes","dia","nome_mes","dia_da_semana") VALUES (20250726,'2025-07-26',2025,7,26,'julho',6);
INSERT INTO dwh_dim_tempo ("dt_id","data","ano","mes","dia","nome_mes","dia_da_semana") VALUES (20250727,'2025-07-27',2025,7,27,'julho',7);
INSERT INTO dwh_dim_tempo ("dt_id","data","ano","mes","dia","nome_mes","dia_da_semana") VALUES (20250728,'2025-07-28',2025,7,28,'julho',1);
INSERT INTO dwh_dim_tempo ("dt_id","data","ano","mes","dia","nome_mes","dia_da_semana") VALUES (20250729,'2025-07-29',2025,7,29,'julho',2);
INSERT INTO dwh_dim_tempo ("dt_id","data","ano","mes","dia","nome_mes","dia_da_semana") VALUES (20250730,'2025-07-30',2025,7,30,'julho',3);
INSERT INTO dwh_dim_tempo ("dt_id","data","ano","mes","dia","nome_mes","dia_da_semana") VALUES (20250731,'2025-07-31',2025,7,31,'julho',4);
INSERT INTO dwh_dim_tempo ("dt_id","data","ano","mes","dia","nome_mes","dia_da_semana") VALUES (20250801,'2025-08-01',2025,8,1,'agosto',5);
INSERT INTO dwh_dim_tempo ("dt_id","data","ano","mes","dia","nome_mes","dia_da_semana") VALUES (20250802,'2025-08-02',2025,8,2,'agosto',6);
INSERT INTO dwh_dim_tempo ("dt_id","data","ano","mes","dia","nome_mes","dia_da_semana") VALUES (20250803,'2025-08-03',2025,8,3,'agosto',7);
INSERT INTO dwh_dim_tempo ("dt_id","data","ano","mes","dia","nome_mes","dia_da_semana") VALUES (20250804,'2025-08-04',2025,8,4,'agosto',1);
INSERT INTO dwh_dim_tempo ("dt_id","data","ano","mes","dia","nome_mes","dia_da_semana") VALUES (20250805,'2025-08-05',2025,8,5,'agosto',2);
INSERT INTO dwh_dim_tempo ("dt_id","data","ano","mes","dia","nome_mes","dia_da_semana") VALUES (20250806,'2025-08-06',2025,8,6,'agosto',3);
INSERT INTO dwh_dim_tempo ("dt_id","data","ano","mes","dia","nome_mes","dia_da_semana") VALUES (20250807,'2025-08-07',2025,8,7,'agosto',4);
INSERT INTO dwh_dim_tempo ("dt_id","data","ano","mes","dia","nome_mes","dia_da_semana") VALUES (20250808,'2025-08-08',2025,8,8,'agosto',5);
INSERT INTO dwh_dim_tempo ("dt_id","data","ano","mes","dia","nome_mes","dia_da_semana") VALUES (20250809,'2025-08-09',2025,8,9,'agosto',6);
INSERT INTO dwh_dim_tempo ("dt_id","data","ano","mes","dia","nome_mes","dia_da_semana") VALUES (20250810,'2025-08-10',2025,8,10,'agosto',7);
INSERT INTO dwh_dim_tempo ("dt_id","data","ano","mes","dia","nome_mes","dia_da_semana") VALUES (20250811,'2025-08-11',2025,8,11,'agosto',1);
INSERT INTO dwh_dim_tempo ("dt_id","data","ano","mes","dia","nome_mes","dia_da_semana") VALUES (20250812,'2025-08-12',2025,8,12,'agosto',2);
INSERT INTO dwh_dim_tempo ("dt_id","data","ano","mes","dia","nome_mes","dia_da_semana") VALUES (20250813,'2025-08-13',2025,8,13,'agosto',3);
INSERT INTO dwh_dim_tempo ("dt_id","data","ano","mes","dia","nome_mes","dia_da_semana") VALUES (20250814,'2025-08-14',2025,8,14,'agosto',4);
INSERT INTO dwh_dim_tempo ("dt_id","data","ano","mes","dia","nome_mes","dia_da_semana") VALUES (20250815,'2025-08-15',2025,8,15,'agosto',5);
INSERT INTO dwh_dim_tempo ("dt_id","data","ano","mes","dia","nome_mes","dia_da_semana") VALUES (20250816,'2025-08-16',2025,8,16,'agosto',6);
INSERT INTO dwh_dim_tempo ("dt_id","data","ano","mes","dia","nome_mes","dia_da_semana") VALUES (20250817,'2025-08-17',2025,8,17,'agosto',7);
INSERT INTO dwh_dim_tempo ("dt_id","data","ano","mes","dia","nome_mes","dia_da_semana") VALUES (20250818,'2025-08-18',2025,8,18,'agosto',1);
INSERT INTO dwh_dim_tempo ("dt_id","data","ano","mes","dia","nome_mes","dia_da_semana") VALUES (20250819,'2025-08-19',2025,8,19,'agosto',2);
INSERT INTO dwh_dim_tempo ("dt_id","data","ano","mes","dia","nome_mes","dia_da_semana") VALUES (20250820,'2025-08-20',2025,8,20,'agosto',3);
INSERT INTO dwh_dim_tempo ("dt_id","data","ano","mes","dia","nome_mes","dia_da_semana") VALUES (20250821,'2025-08-21',2025,8,21,'agosto',4);
INSERT INTO dwh_dim_tempo ("dt_id","data","ano","mes","dia","nome_mes","dia_da_semana") VALUES (20250822,'2025-08-22',2025,8,22,'agosto',5);
INSERT INTO dwh_dim_tempo ("dt_id","data","ano","mes","dia","nome_mes","dia_da_semana") VALUES (20250823,'2025-08-23',2025,8,23,'agosto',6);
INSERT INTO dwh_dim_tempo ("dt_id","data","ano","mes","dia","nome_mes","dia_da_semana") VALUES (20250824,'2025-08-24',2025,8,24,'agosto',7);

COMMIT;
